"Name","Platform","Compiles","CompilesDouble","Uses","UsesDouble","PermutationString"
"Globals","0","5312","0","0","0",""
"/ControlRig/Controls/ControlRigGizmoMaterial.ControlRigGizmoMaterial","0","4","0","4","4","Compiling ControlRigGizmoMaterial: Platform=PCD3D_SM5, Usage=LightingModel=MSM_Unlit, BlendMode=BLEND_Opaque, SpecialEngine=0, TwoSided=0, TSNormal=1, Masked=0, Distorted=0, WritesEveryPixel=1, ModifiesMeshPosition=0, Usage={}"
"/MeshModelingToolset/Materials/M_DynamicMeshComponentVtxColor.M_DynamicMeshComponentVtxColor","0","18","0","20","20","Compiling M_DynamicMeshComponentVtxColor: Platform=PCD3D_SM5, Usage=LightingModel=MSM_DefaultLit, BlendMode=BLEND_Opaque, SpecialEngine=0, TwoSided=1, TSNormal=1, Masked=0, Distorted=0, WritesEveryPixel=1, ModifiesMeshPosition=0, Usage={}"
"/Engine/EngineMaterials/Widget3DPassThrough.Widget3DPassThrough","0","5","0","5","5","Compiling Widget3DPassThrough: Platform=PCD3D_SM5, Usage=LightingModel=MSM_Unlit, BlendMode=BLEND_Translucent, SpecialEngine=0, TwoSided=0, TSNormal=1, Masked=0, Distorted=0, WritesEveryPixel=1, ModifiesMeshPosition=0, Usage={}"
"/Engine/EngineMaterials/Widget3DPassThrough.Widget3DPassThrough","0","17","0","19","19","Compiling Widget3DPassThrough: Platform=PCD3D_SM5, Usage=LightingModel=MSM_Unlit, BlendMode=BLEND_Masked, SpecialEngine=0, TwoSided=1, TSNormal=1, Masked=1, Distorted=0, WritesEveryPixel=0, ModifiesMeshPosition=0, Usage={}"
"/Engine/EngineMaterials/Widget3DPassThrough.Widget3DPassThrough","0","7","0","8","8","Compiling Widget3DPassThrough: Platform=PCD3D_SM5, Usage=LightingModel=MSM_Unlit, BlendMode=BLEND_Opaque, SpecialEngine=0, TwoSided=1, TSNormal=1, Masked=0, Distorted=0, WritesEveryPixel=1, ModifiesMeshPosition=0, Usage={}"
"/Engine/EngineMaterials/Widget3DPassThrough.Widget3DPassThrough","0","7","0","7","7","Compiling Widget3DPassThrough: Platform=PCD3D_SM5, Usage=LightingModel=MSM_Unlit, BlendMode=BLEND_Translucent, SpecialEngine=0, TwoSided=1, TSNormal=1, Masked=0, Distorted=0, WritesEveryPixel=1, ModifiesMeshPosition=0, Usage={}"
"/Engine/EngineMaterials/Widget3DPassThrough.Widget3DPassThrough","0","17","0","19","19","Compiling Widget3DPassThrough: Platform=PCD3D_SM5, Usage=LightingModel=MSM_Unlit, BlendMode=BLEND_Masked, SpecialEngine=0, TwoSided=0, TSNormal=1, Masked=1, Distorted=0, WritesEveryPixel=0, ModifiesMeshPosition=0, Usage={}"
"/Engine/EngineMaterials/Widget3DPassThrough.Widget3DPassThrough","0","4","0","4","4","Compiling Widget3DPassThrough: Platform=PCD3D_SM5, Usage=LightingModel=MSM_Unlit, BlendMode=BLEND_Opaque, SpecialEngine=0, TwoSided=0, TSNormal=1, Masked=0, Distorted=0, WritesEveryPixel=1, ModifiesMeshPosition=0, Usage={}"
"/Game/Characters/Mannequins/Materials/M_Mannequin.M_Mannequin","0","28","0","30","30","Compiling M_Mannequin: Platform=PCD3D_SM5, Usage=LightingModel=MSM_ClearCoat, BlendMode=BLEND_Opaque, SpecialEngine=0, TwoSided=0, TSNormal=1, Masked=0, Distorted=0, WritesEveryPixel=1, ModifiesMeshPosition=0, Usage={bUsedWithSkeletalMesh}, StaticSwitch'UseLogo2-1'=False"
"/Game/Characters/Mannequins/Materials/M_Mannequin.M_Mannequin","0","28","0","30","30","Compiling M_Mannequin: Platform=PCD3D_SM5, Usage=LightingModel=MSM_ClearCoat, BlendMode=BLEND_Opaque, SpecialEngine=0, TwoSided=0, TSNormal=1, Masked=0, Distorted=0, WritesEveryPixel=1, ModifiesMeshPosition=0, Usage={bUsedWithSkeletalMesh}, StaticSwitch'UseLogo2-1'=True"
"/Game/MSPresets/M_MS_Glass_Material/M_MS_Glass_Material.M_MS_Glass_Material","0","33","0","33","33","Compiling M_MS_Glass_Material: Platform=PCD3D_SM5, Usage=LightingModel=MSM_ThinTranslucent, BlendMode=BLEND_Translucent, SpecialEngine=0, TwoSided=0, TSNormal=1, Masked=0, Distorted=0, WritesEveryPixel=1, ModifiesMeshPosition=0, Usage={bUsedWithStaticLighting}, StaticSwitch'Use Emissive2-1'=False, StaticSwitch'Use Frame Blend?2-1'=False, StaticSwitch'Use Metallic Texture2-1'=False, StaticSwitch'Use Refraction2-1'=True, StaticSwitch'Use Texture for Transmittance Color2-1'=True, StaticSwitch'Use Window Imperfection Texture2-1'=False"
"/Game/LevelPrototyping/Materials/M_PrototypeGrid.M_PrototypeGrid","0","23","0","23","23","Compiling M_PrototypeGrid: Platform=PCD3D_SM5, Usage=LightingModel=MSM_DefaultLit, BlendMode=BLEND_Opaque, SpecialEngine=0, TwoSided=0, TSNormal=1, Masked=0, Distorted=0, WritesEveryPixel=1, ModifiesMeshPosition=0, Usage={bUsedWithStaticLighting}, StaticSwitch'ObjectAligned2-1'=False, StaticSwitch'TopSurfaceColor2-1'=False"
"/Game/LevelPrototyping/Materials/M_PrototypeGrid.M_PrototypeGrid","0","23","0","23","23","Compiling M_PrototypeGrid: Platform=PCD3D_SM5, Usage=LightingModel=MSM_DefaultLit, BlendMode=BLEND_Opaque, SpecialEngine=0, TwoSided=0, TSNormal=1, Masked=0, Distorted=0, WritesEveryPixel=1, ModifiesMeshPosition=0, Usage={bUsedWithStaticLighting}, StaticSwitch'ObjectAligned2-1'=True, StaticSwitch'TopSurfaceColor2-1'=True"
"/Game/LevelPrototyping/Materials/M_PrototypeGrid.M_PrototypeGrid","0","23","0","23","23","Compiling M_PrototypeGrid: Platform=PCD3D_SM5, Usage=LightingModel=MSM_DefaultLit, BlendMode=BLEND_Opaque, SpecialEngine=0, TwoSided=0, TSNormal=1, Masked=0, Distorted=0, WritesEveryPixel=1, ModifiesMeshPosition=0, Usage={bUsedWithStaticLighting}, StaticSwitch'ObjectAligned2-1'=True, StaticSwitch'TopSurfaceColor2-1'=False"
"/Game/MSPresets/M_MS_SurfaceBlend_Material/M_MS_SurfaceBlend_Material.M_MS_SurfaceBlend_Material","0","14","0","14","14","Compiling M_MS_SurfaceBlend_Material: Platform=PCD3D_SM5, Usage=LightingModel=MSM_DefaultLit, BlendMode=BLEND_Opaque, SpecialEngine=0, TwoSided=0, TSNormal=1, Masked=0, Distorted=0, WritesEveryPixel=1, ModifiesMeshPosition=0, Usage={}, StaticSwitch'Base Layer Specular from Albedo2-1'=False, StaticSwitch'Middle Layer  Specular from Albedo2-1'=False, StaticSwitch'Top Layer Specular from Albedo2-1'=False, StaticSwitch'Use Base Layer Adjustments2-1'=False, StaticSwitch'Use Middle Layer Adjustments2-1'=False, StaticSwitch'Use Puddle Layer2-1'=False, StaticSwitch'Use Scatter Layer2-1'=False, StaticSwitch'Use Top Layer Adjustments2-1'=False"
"/Game/Characters/Mannequin_UE4/Materials/M_MannequinUE4_Body.M_MannequinUE4_Body","0","54","0","58","58","Compiling M_MannequinUE4_Body: Platform=PCD3D_SM5, Usage=LightingModel=MSM_DefaultLit, BlendMode=BLEND_Masked, SpecialEngine=0, TwoSided=0, TSNormal=1, Masked=1, Distorted=0, WritesEveryPixel=0, ModifiesMeshPosition=0, Usage={bUsedWithSkeletalMesh}, StaticSwitch'PlasticOverride2-1'=True"
"/Game/Characters/Mannequin_UE4/Materials/M_MannequinUE4_Body.M_MannequinUE4_Body","0","54","0","58","58","Compiling M_MannequinUE4_Body: Platform=PCD3D_SM5, Usage=LightingModel=MSM_DefaultLit, BlendMode=BLEND_Masked, SpecialEngine=0, TwoSided=0, TSNormal=1, Masked=1, Distorted=0, WritesEveryPixel=0, ModifiesMeshPosition=0, Usage={bUsedWithSkeletalMesh}, StaticSwitch'PlasticOverride2-1'=False"
"/Interchange/gltf/M_SpecularGlossiness.M_SpecularGlossiness","0","46","0","46","46","Compiling M_SpecularGlossiness: Platform=PCD3D_SM5, Usage=LightingModel=MSM_DefaultLit, BlendMode=BLEND_Translucent, SpecialEngine=0, TwoSided=0, TSNormal=1, Masked=0, Distorted=0, WritesEveryPixel=1, ModifiesMeshPosition=0, Usage={bUsedWithSkeletalMesh}"
"/Interchange/gltf/M_SpecularGlossiness.M_SpecularGlossiness","0","54","0","58","58","Compiling M_SpecularGlossiness: Platform=PCD3D_SM5, Usage=LightingModel=MSM_DefaultLit, BlendMode=BLEND_Masked, SpecialEngine=0, TwoSided=0, TSNormal=1, Masked=1, Distorted=0, WritesEveryPixel=0, ModifiesMeshPosition=0, Usage={bUsedWithSkeletalMesh}"
"/Interchange/gltf/M_SpecularGlossiness.M_SpecularGlossiness","0","26","0","26","26","Compiling M_SpecularGlossiness: Platform=PCD3D_SM5, Usage=LightingModel=MSM_DefaultLit, BlendMode=BLEND_Opaque, SpecialEngine=0, TwoSided=0, TSNormal=1, Masked=0, Distorted=0, WritesEveryPixel=1, ModifiesMeshPosition=0, Usage={bUsedWithSkeletalMesh}"
"/Interchange/gltf/M_SpecularGlossiness.M_SpecularGlossiness","0","50","0","50","50","Compiling M_SpecularGlossiness: Platform=PCD3D_SM5, Usage=LightingModel=MSM_DefaultLit, BlendMode=BLEND_Translucent, SpecialEngine=0, TwoSided=1, TSNormal=1, Masked=0, Distorted=0, WritesEveryPixel=1, ModifiesMeshPosition=0, Usage={bUsedWithSkeletalMesh}"
"/Interchange/gltf/M_SpecularGlossiness.M_SpecularGlossiness","0","54","0","58","58","Compiling M_SpecularGlossiness: Platform=PCD3D_SM5, Usage=LightingModel=MSM_DefaultLit, BlendMode=BLEND_Masked, SpecialEngine=0, TwoSided=1, TSNormal=1, Masked=1, Distorted=0, WritesEveryPixel=0, ModifiesMeshPosition=0, Usage={bUsedWithSkeletalMesh}"
"/Interchange/gltf/M_SpecularGlossiness.M_SpecularGlossiness","0","32","0","34","34","Compiling M_SpecularGlossiness: Platform=PCD3D_SM5, Usage=LightingModel=MSM_DefaultLit, BlendMode=BLEND_Opaque, SpecialEngine=0, TwoSided=1, TSNormal=1, Masked=0, Distorted=0, WritesEveryPixel=1, ModifiesMeshPosition=0, Usage={bUsedWithSkeletalMesh}"
"/Interchange/gltf/M_Transmission.M_Transmission","0","50","0","50","50","Compiling M_Transmission: Platform=PCD3D_SM5, Usage=LightingModel=MSM_ThinTranslucent, BlendMode=BLEND_Translucent, SpecialEngine=0, TwoSided=1, TSNormal=1, Masked=0, Distorted=0, WritesEveryPixel=1, ModifiesMeshPosition=0, Usage={bUsedWithSkeletalMesh}"
"/Interchange/gltf/M_Transmission.M_Transmission","0","46","0","46","46","Compiling M_Transmission: Platform=PCD3D_SM5, Usage=LightingModel=MSM_ThinTranslucent, BlendMode=BLEND_Translucent, SpecialEngine=0, TwoSided=0, TSNormal=1, Masked=0, Distorted=0, WritesEveryPixel=1, ModifiesMeshPosition=0, Usage={bUsedWithSkeletalMesh}"
"/Interchange/gltf/M_Sheen.M_Sheen","0","50","0","50","50","Compiling M_Sheen: Platform=PCD3D_SM5, Usage=LightingModel=MSM_Cloth, BlendMode=BLEND_Translucent, SpecialEngine=0, TwoSided=1, TSNormal=1, Masked=0, Distorted=0, WritesEveryPixel=1, ModifiesMeshPosition=0, Usage={bUsedWithSkeletalMesh}"
"/Interchange/gltf/M_Sheen.M_Sheen","0","54","0","58","58","Compiling M_Sheen: Platform=PCD3D_SM5, Usage=LightingModel=MSM_Cloth, BlendMode=BLEND_Masked, SpecialEngine=0, TwoSided=1, TSNormal=1, Masked=1, Distorted=0, WritesEveryPixel=0, ModifiesMeshPosition=0, Usage={bUsedWithSkeletalMesh}"
"/Interchange/gltf/M_Sheen.M_Sheen","0","32","0","34","34","Compiling M_Sheen: Platform=PCD3D_SM5, Usage=LightingModel=MSM_Cloth, BlendMode=BLEND_Opaque, SpecialEngine=0, TwoSided=1, TSNormal=1, Masked=0, Distorted=0, WritesEveryPixel=1, ModifiesMeshPosition=0, Usage={bUsedWithSkeletalMesh}"
"/Interchange/gltf/M_Sheen.M_Sheen","0","46","0","46","46","Compiling M_Sheen: Platform=PCD3D_SM5, Usage=LightingModel=MSM_Cloth, BlendMode=BLEND_Translucent, SpecialEngine=0, TwoSided=0, TSNormal=1, Masked=0, Distorted=0, WritesEveryPixel=1, ModifiesMeshPosition=0, Usage={bUsedWithSkeletalMesh}"
"/Interchange/gltf/M_Sheen.M_Sheen","0","54","0","58","58","Compiling M_Sheen: Platform=PCD3D_SM5, Usage=LightingModel=MSM_Cloth, BlendMode=BLEND_Masked, SpecialEngine=0, TwoSided=0, TSNormal=1, Masked=1, Distorted=0, WritesEveryPixel=0, ModifiesMeshPosition=0, Usage={bUsedWithSkeletalMesh}"
"/Interchange/gltf/M_Sheen.M_Sheen","0","26","0","26","26","Compiling M_Sheen: Platform=PCD3D_SM5, Usage=LightingModel=MSM_Cloth, BlendMode=BLEND_Opaque, SpecialEngine=0, TwoSided=0, TSNormal=1, Masked=0, Distorted=0, WritesEveryPixel=1, ModifiesMeshPosition=0, Usage={bUsedWithSkeletalMesh}"
"/Interchange/gltf/M_ClearCoat.M_ClearCoat","0","50","0","50","50","Compiling M_ClearCoat: Platform=PCD3D_SM5, Usage=LightingModel=MSM_ClearCoat, BlendMode=BLEND_Translucent, SpecialEngine=0, TwoSided=1, TSNormal=1, Masked=0, Distorted=0, WritesEveryPixel=1, ModifiesMeshPosition=0, Usage={bUsedWithSkeletalMesh}"
"/Interchange/gltf/M_ClearCoat.M_ClearCoat","0","54","0","58","58","Compiling M_ClearCoat: Platform=PCD3D_SM5, Usage=LightingModel=MSM_ClearCoat, BlendMode=BLEND_Masked, SpecialEngine=0, TwoSided=1, TSNormal=1, Masked=1, Distorted=0, WritesEveryPixel=0, ModifiesMeshPosition=0, Usage={bUsedWithSkeletalMesh}"
"/Interchange/gltf/M_ClearCoat.M_ClearCoat","0","32","0","34","34","Compiling M_ClearCoat: Platform=PCD3D_SM5, Usage=LightingModel=MSM_ClearCoat, BlendMode=BLEND_Opaque, SpecialEngine=0, TwoSided=1, TSNormal=1, Masked=0, Distorted=0, WritesEveryPixel=1, ModifiesMeshPosition=0, Usage={bUsedWithSkeletalMesh}"
"/Interchange/gltf/M_ClearCoat.M_ClearCoat","0","46","0","46","46","Compiling M_ClearCoat: Platform=PCD3D_SM5, Usage=LightingModel=MSM_ClearCoat, BlendMode=BLEND_Translucent, SpecialEngine=0, TwoSided=0, TSNormal=1, Masked=0, Distorted=0, WritesEveryPixel=1, ModifiesMeshPosition=0, Usage={bUsedWithSkeletalMesh}"
"/Interchange/gltf/M_ClearCoat.M_ClearCoat","0","54","0","58","58","Compiling M_ClearCoat: Platform=PCD3D_SM5, Usage=LightingModel=MSM_ClearCoat, BlendMode=BLEND_Masked, SpecialEngine=0, TwoSided=0, TSNormal=1, Masked=1, Distorted=0, WritesEveryPixel=0, ModifiesMeshPosition=0, Usage={bUsedWithSkeletalMesh}"
"/Interchange/gltf/M_ClearCoat.M_ClearCoat","0","26","0","26","26","Compiling M_ClearCoat: Platform=PCD3D_SM5, Usage=LightingModel=MSM_ClearCoat, BlendMode=BLEND_Opaque, SpecialEngine=0, TwoSided=0, TSNormal=1, Masked=0, Distorted=0, WritesEveryPixel=1, ModifiesMeshPosition=0, Usage={bUsedWithSkeletalMesh}"
"/Game/MSPresets/M_MS_Surface_Material_VT/M_MS_Surface_Material_VT.M_MS_Surface_Material_VT","0","40","14","14","94","Compiling M_MS_Surface_Material_VT: Platform=PCD3D_SM5, Usage=LightingModel=MSM_DefaultLit, BlendMode=BLEND_Opaque, SpecialEngine=0, TwoSided=0, TSNormal=1, Masked=0, Distorted=0, WritesEveryPixel=1, ModifiesMeshPosition=0, Usage={}, StaticSwitch'Enable SSS Parameters2-1'=True, StaticSwitch'Use Adjusted Maps2-1'=True"
"/Interchange/gltf/M_Unlit.M_Unlit","0","20","0","20","20","Compiling M_Unlit: Platform=PCD3D_SM5, Usage=LightingModel=MSM_Unlit, BlendMode=BLEND_Translucent, SpecialEngine=0, TwoSided=1, TSNormal=1, Masked=0, Distorted=0, WritesEveryPixel=1, ModifiesMeshPosition=0, Usage={bUsedWithSkeletalMesh}"
"/Interchange/gltf/M_Unlit.M_Unlit","0","32","0","36","36","Compiling M_Unlit: Platform=PCD3D_SM5, Usage=LightingModel=MSM_Unlit, BlendMode=BLEND_Masked, SpecialEngine=0, TwoSided=1, TSNormal=1, Masked=1, Distorted=0, WritesEveryPixel=0, ModifiesMeshPosition=0, Usage={bUsedWithSkeletalMesh}"
"/Interchange/gltf/M_Unlit.M_Unlit","0","12","0","14","14","Compiling M_Unlit: Platform=PCD3D_SM5, Usage=LightingModel=MSM_Unlit, BlendMode=BLEND_Opaque, SpecialEngine=0, TwoSided=1, TSNormal=1, Masked=0, Distorted=0, WritesEveryPixel=1, ModifiesMeshPosition=0, Usage={bUsedWithSkeletalMesh}"
"/Interchange/gltf/M_Unlit.M_Unlit","0","16","0","16","16","Compiling M_Unlit: Platform=PCD3D_SM5, Usage=LightingModel=MSM_Unlit, BlendMode=BLEND_Translucent, SpecialEngine=0, TwoSided=0, TSNormal=1, Masked=0, Distorted=0, WritesEveryPixel=1, ModifiesMeshPosition=0, Usage={bUsedWithSkeletalMesh}"
"/Interchange/gltf/M_Unlit.M_Unlit","0","32","0","36","36","Compiling M_Unlit: Platform=PCD3D_SM5, Usage=LightingModel=MSM_Unlit, BlendMode=BLEND_Masked, SpecialEngine=0, TwoSided=0, TSNormal=1, Masked=1, Distorted=0, WritesEveryPixel=0, ModifiesMeshPosition=0, Usage={bUsedWithSkeletalMesh}"
"/Interchange/gltf/M_Unlit.M_Unlit","0","6","0","6","6","Compiling M_Unlit: Platform=PCD3D_SM5, Usage=LightingModel=MSM_Unlit, BlendMode=BLEND_Opaque, SpecialEngine=0, TwoSided=0, TSNormal=1, Masked=0, Distorted=0, WritesEveryPixel=1, ModifiesMeshPosition=0, Usage={bUsedWithSkeletalMesh}"
"/SpeedTreeImporter/SpeedTree9/SpeedTreeBillboardMaster.SpeedTreeBillboardMaster","0","58","0","62","62","Compiling SpeedTreeBillboardMaster: Platform=PCD3D_SM5, Usage=LightingModel=MSM_TwoSidedFoliage, BlendMode=BLEND_Masked, SpecialEngine=0, TwoSided=0, TSNormal=1, Masked=1, Distorted=0, WritesEveryPixel=0, ModifiesMeshPosition=1, Usage={bUsedWithInstancedStaticMeshes}, StaticSwitch'SharedEnable2-1'=True"
"/SpeedTreeImporter/SpeedTree9/SpeedTreeMaster.SpeedTreeMaster","0","84","0","88","88","Compiling SpeedTreeMaster: Platform=PCD3D_SM5, Usage=LightingModel=MSM_TwoSidedFoliage, BlendMode=BLEND_Masked, SpecialEngine=0, TwoSided=1, TSNormal=1, Masked=1, Distorted=0, WritesEveryPixel=0, ModifiesMeshPosition=1, Usage={bUsedWithStaticLighting,bUsedWithInstancedStaticMeshes}, StaticSwitch'Branch1Enable2-1'=True, StaticSwitch'Branch2Enable2-1'=False, StaticSwitch'FlipBacksideNormals2-1'=True, StaticSwitch'HandleCameraFacing2-1'=False, StaticSwitch'HasBranch2Data_Internal2-1'=False, StaticSwitch'RippleEnable2-1'=True, StaticSwitch'RippleShimmerEnable2-1'=False, StaticSwitch'SharedEnable2-1'=True"
"/Game/Pickups/M_Apple.M_Apple","0","26","0","26","26","Compiling M_Apple: Platform=PCD3D_SM5, Usage=LightingModel=MSM_DefaultLit, BlendMode=BLEND_Opaque, SpecialEngine=0, TwoSided=0, TSNormal=1, Masked=0, Distorted=0, WritesEveryPixel=1, ModifiesMeshPosition=0, Usage={bUsedWithNiagaraSprites}"
"/Paper2D/DefaultSpriteMaterial.DefaultSpriteMaterial","0","12","0","14","14","Compiling DefaultSpriteMaterial: Platform=PCD3D_SM5, Usage=LightingModel=MSM_Unlit, BlendMode=BLEND_Opaque, SpecialEngine=0, TwoSided=1, TSNormal=1, Masked=0, Distorted=0, WritesEveryPixel=1, ModifiesMeshPosition=0, Usage={bUsedWithNiagaraSprites}"
"/Paper2D/DefaultSpriteMaterial.DefaultSpriteMaterial","0","32","0","36","36","Compiling DefaultSpriteMaterial: Platform=PCD3D_SM5, Usage=LightingModel=MSM_Unlit, BlendMode=BLEND_Masked, SpecialEngine=0, TwoSided=1, TSNormal=1, Masked=1, Distorted=0, WritesEveryPixel=0, ModifiesMeshPosition=0, Usage={bUsedWithNiagaraSprites}"
"/Game/LevelPrototyping/Materials/M_Solid.M_Solid","0","26","0","26","26","Compiling M_Solid: Platform=PCD3D_SM5, Usage=LightingModel=MSM_DefaultLit, BlendMode=BLEND_Opaque, SpecialEngine=0, TwoSided=0, TSNormal=1, Masked=0, Distorted=0, WritesEveryPixel=1, ModifiesMeshPosition=0, Usage={bUsedWithSkeletalMesh}"
"/Game/QuadrapedCreatures/Barghest/Materials/M_HAIR.M_HAIR","0","54","0","58","58","Compiling M_HAIR: Platform=PCD3D_SM5, Usage=LightingModel=MSM_DefaultLit, BlendMode=BLEND_Masked, SpecialEngine=0, TwoSided=0, TSNormal=1, Masked=1, Distorted=0, WritesEveryPixel=0, ModifiesMeshPosition=0, Usage={bUsedWithSkeletalMesh}"
"/Game/QuadrapedCreatures/Barghest/Materials/M_BARGHEST.M_BARGHEST","0","26","0","26","26","Compiling M_BARGHEST: Platform=PCD3D_SM5, Usage=LightingModel=MSM_DefaultLit, BlendMode=BLEND_Opaque, SpecialEngine=0, TwoSided=0, TSNormal=1, Masked=0, Distorted=0, WritesEveryPixel=1, ModifiesMeshPosition=0, Usage={bUsedWithSkeletalMesh}"
"/Engine/VREditor/SnapGrid/SnapGridMaterial.SnapGridMaterial","0","12","0","12","12","Compiling SnapGridMaterial: Platform=PCD3D_SM5, Usage=LightingModel=MSM_Unlit, BlendMode=BLEND_Translucent, SpecialEngine=0, TwoSided=1, TSNormal=1, Masked=0, Distorted=0, WritesEveryPixel=1, ModifiesMeshPosition=0, Usage={bUsedWithStaticLighting,bUsedWithSplineMeshes}"
"/Interchange/gltf/M_Default.M_Default","0","50","0","50","50","Compiling M_Default: Platform=PCD3D_SM5, Usage=LightingModel=MSM_DefaultLit, BlendMode=BLEND_Translucent, SpecialEngine=0, TwoSided=1, TSNormal=1, Masked=0, Distorted=0, WritesEveryPixel=1, ModifiesMeshPosition=0, Usage={bUsedWithSkeletalMesh}"
"/Interchange/gltf/M_Default.M_Default","0","54","0","58","58","Compiling M_Default: Platform=PCD3D_SM5, Usage=LightingModel=MSM_DefaultLit, BlendMode=BLEND_Masked, SpecialEngine=0, TwoSided=1, TSNormal=1, Masked=1, Distorted=0, WritesEveryPixel=0, ModifiesMeshPosition=0, Usage={bUsedWithSkeletalMesh}"
"/Interchange/gltf/M_Default.M_Default","0","32","0","34","34","Compiling M_Default: Platform=PCD3D_SM5, Usage=LightingModel=MSM_DefaultLit, BlendMode=BLEND_Opaque, SpecialEngine=0, TwoSided=1, TSNormal=1, Masked=0, Distorted=0, WritesEveryPixel=1, ModifiesMeshPosition=0, Usage={bUsedWithSkeletalMesh}"
"/Interchange/gltf/M_Default.M_Default","0","46","0","46","46","Compiling M_Default: Platform=PCD3D_SM5, Usage=LightingModel=MSM_DefaultLit, BlendMode=BLEND_Translucent, SpecialEngine=0, TwoSided=0, TSNormal=1, Masked=0, Distorted=0, WritesEveryPixel=1, ModifiesMeshPosition=0, Usage={bUsedWithSkeletalMesh}"
"/Interchange/gltf/M_Default.M_Default","0","54","0","58","58","Compiling M_Default: Platform=PCD3D_SM5, Usage=LightingModel=MSM_DefaultLit, BlendMode=BLEND_Masked, SpecialEngine=0, TwoSided=0, TSNormal=1, Masked=1, Distorted=0, WritesEveryPixel=0, ModifiesMeshPosition=0, Usage={bUsedWithSkeletalMesh}"
"/Interchange/gltf/M_Default.M_Default","0","26","0","26","26","Compiling M_Default: Platform=PCD3D_SM5, Usage=LightingModel=MSM_DefaultLit, BlendMode=BLEND_Opaque, SpecialEngine=0, TwoSided=0, TSNormal=1, Masked=0, Distorted=0, WritesEveryPixel=1, ModifiesMeshPosition=0, Usage={bUsedWithSkeletalMesh}"
"/Engine/EngineSky/VolumetricClouds/m_SimpleVolumetricCloud.m_SimpleVolumetricCloud","0","100","0","100","100","Compiling m_SimpleVolumetricCloud: Platform=PCD3D_SM5, Usage=LightingModel=MSM_DefaultLit, BlendMode=BLEND_Additive, SpecialEngine=0, TwoSided=0, TSNormal=1, Masked=0, Distorted=0, WritesEveryPixel=1, ModifiesMeshPosition=0, Usage={bUsedWithVolumetricCloud}"
"/Engine/EngineMaterials/DefaultTextMaterialOpaque.DefaultTextMaterialOpaque","0","29","0","31","31","Compiling DefaultTextMaterialOpaque: Platform=PCD3D_SM5, Usage=LightingModel=MSM_DefaultLit, BlendMode=BLEND_Masked, SpecialEngine=0, TwoSided=1, TSNormal=1, Masked=1, Distorted=0, WritesEveryPixel=0, ModifiesMeshPosition=0, Usage={}"
"/Game/QuadrapedCreatures/MountainDragon/Materials/M_MOUNTAIN_DRAGON.M_MOUNTAIN_DRAGON","0","26","0","26","26","Compiling M_MOUNTAIN_DRAGON: Platform=PCD3D_SM5, Usage=LightingModel=MSM_DefaultLit, BlendMode=BLEND_Opaque, SpecialEngine=0, TwoSided=0, TSNormal=1, Masked=0, Distorted=0, WritesEveryPixel=1, ModifiesMeshPosition=0, Usage={bUsedWithSkeletalMesh}"
"/Game/QuadrapedCreatures/Centaur/Materials/M_Centaur_Gear.M_Centaur_Gear","0","26","0","26","26","Compiling M_Centaur_Gear: Platform=PCD3D_SM5, Usage=LightingModel=MSM_DefaultLit, BlendMode=BLEND_Opaque, SpecialEngine=0, TwoSided=0, TSNormal=1, Masked=0, Distorted=0, WritesEveryPixel=1, ModifiesMeshPosition=0, Usage={bUsedWithSkeletalMesh}"
"/Bridge/MSPresets/M_MS_Glass_Material/M_MS_Glass_Material.M_MS_Glass_Material","0","33","0","33","33","Compiling M_MS_Glass_Material: Platform=PCD3D_SM5, Usage=LightingModel=MSM_ThinTranslucent, BlendMode=BLEND_Translucent, SpecialEngine=0, TwoSided=0, TSNormal=1, Masked=0, Distorted=0, WritesEveryPixel=1, ModifiesMeshPosition=0, Usage={bUsedWithStaticLighting}, StaticSwitch'Use Emissive2-1'=False, StaticSwitch'Use Frame Blend?2-1'=True, StaticSwitch'Use Metallic Texture2-1'=False, StaticSwitch'Use Refraction2-1'=True, StaticSwitch'Use Texture for Transmittance Color2-1'=True, StaticSwitch'Use Window Imperfection Texture2-1'=False"
"/Game/QuadrapedCreatures/Centaur/Materials/M_Centaur_Eyes.M_Centaur_Eyes","0","26","0","26","26","Compiling M_Centaur_Eyes: Platform=PCD3D_SM5, Usage=LightingModel=MSM_DefaultLit, BlendMode=BLEND_Opaque, SpecialEngine=0, TwoSided=0, TSNormal=1, Masked=0, Distorted=0, WritesEveryPixel=1, ModifiesMeshPosition=0, Usage={bUsedWithSkeletalMesh,bUsedWithMorphTargets}"
"/Game/QuadrapedCreatures/Centaur/Materials/M_Centaur_Body_4.M_Centaur_Body_4","0","26","0","26","26","Compiling M_Centaur_Body_4: Platform=PCD3D_SM5, Usage=LightingModel=MSM_DefaultLit, BlendMode=BLEND_Opaque, SpecialEngine=0, TwoSided=0, TSNormal=1, Masked=0, Distorted=0, WritesEveryPixel=1, ModifiesMeshPosition=0, Usage={bUsedWithSkeletalMesh}"
"/Game/QuadrapedCreatures/Centaur/Materials/M_Centaur_Body_3.M_Centaur_Body_3","0","26","0","26","26","Compiling M_Centaur_Body_3: Platform=PCD3D_SM5, Usage=LightingModel=MSM_DefaultLit, BlendMode=BLEND_Opaque, SpecialEngine=0, TwoSided=0, TSNormal=1, Masked=0, Distorted=0, WritesEveryPixel=1, ModifiesMeshPosition=0, Usage={bUsedWithSkeletalMesh}"
"/Game/QuadrapedCreatures/Centaur/Materials/M_Centaur_Body_2.M_Centaur_Body_2","0","26","0","26","26","Compiling M_Centaur_Body_2: Platform=PCD3D_SM5, Usage=LightingModel=MSM_DefaultLit, BlendMode=BLEND_Opaque, SpecialEngine=0, TwoSided=0, TSNormal=1, Masked=0, Distorted=0, WritesEveryPixel=1, ModifiesMeshPosition=0, Usage={bUsedWithSkeletalMesh}"
"/Game/QuadrapedCreatures/Centaur/Materials/M_Centaur_Body_1.M_Centaur_Body_1","0","26","0","26","26","Compiling M_Centaur_Body_1: Platform=PCD3D_SM5, Usage=LightingModel=MSM_DefaultLit, BlendMode=BLEND_Opaque, SpecialEngine=0, TwoSided=0, TSNormal=1, Masked=0, Distorted=0, WritesEveryPixel=1, ModifiesMeshPosition=0, Usage={bUsedWithSkeletalMesh,bUsedWithMorphTargets}"
"/Engine/EngineDebugMaterials/DebugEditorMaterial.DebugEditorMaterial","0","7","0","8","8","Compiling DebugEditorMaterial: Platform=PCD3D_SM5, Usage=LightingModel=MSM_Unlit, BlendMode=BLEND_Opaque, SpecialEngine=0, TwoSided=1, TSNormal=1, Masked=0, Distorted=0, WritesEveryPixel=1, ModifiesMeshPosition=0, Usage={}"
"/Engine/EditorMaterials/PhAT_NoCollisionMaterial.PhAT_NoCollisionMaterial","0","5","0","5","5","Compiling PhAT_NoCollisionMaterial: Platform=PCD3D_SM5, Usage=LightingModel=MSM_Unlit, BlendMode=BLEND_Translucent, SpecialEngine=0, TwoSided=0, TSNormal=1, Masked=0, Distorted=0, WritesEveryPixel=1, ModifiesMeshPosition=0, Usage={}"
"/Engine/EditorMaterials/PhAT_UnselectedMaterial.PhAT_UnselectedMaterial","0","5","0","5","5","Compiling PhAT_UnselectedMaterial: Platform=PCD3D_SM5, Usage=LightingModel=MSM_Unlit, BlendMode=BLEND_Translucent, SpecialEngine=0, TwoSided=0, TSNormal=1, Masked=0, Distorted=0, WritesEveryPixel=1, ModifiesMeshPosition=0, Usage={}"
"/Game/Characters/Ortiz/Mesh/Ch43_Body.Ch43_Body","0","26","0","26","26","Compiling Ch43_Body: Platform=PCD3D_SM5, Usage=LightingModel=MSM_DefaultLit, BlendMode=BLEND_Opaque, SpecialEngine=0, TwoSided=0, TSNormal=1, Masked=0, Distorted=0, WritesEveryPixel=1, ModifiesMeshPosition=0, Usage={bUsedWithSkeletalMesh}"
"/Engine/EngineMaterials/PPM_DefaultCalibrationGrayscale.PPM_DefaultCalibrationGrayscale","0","5","0","5","5","Compiling PPM_DefaultCalibrationGrayscale: Platform=PCD3D_SM5, Usage=LightingModel=MSM_Unlit, BlendMode=BLEND_Opaque, SpecialEngine=0, TwoSided=0, TSNormal=1, Masked=0, Distorted=0, WritesEveryPixel=1, ModifiesMeshPosition=0, Usage={}"
"/Engine/EngineMaterials/PPM_DefaultCalibrationColor.PPM_DefaultCalibrationColor","0","5","0","5","5","Compiling PPM_DefaultCalibrationColor: Platform=PCD3D_SM5, Usage=LightingModel=MSM_Unlit, BlendMode=BLEND_Opaque, SpecialEngine=0, TwoSided=0, TSNormal=1, Masked=0, Distorted=0, WritesEveryPixel=1, ModifiesMeshPosition=0, Usage={}"
"/Engine/EngineMaterials/GizmoMaterial.GizmoMaterial","0","7","0","8","8","Compiling GizmoMaterial: Platform=PCD3D_SM5, Usage=LightingModel=MSM_Unlit, BlendMode=BLEND_Opaque, SpecialEngine=0, TwoSided=1, TSNormal=1, Masked=0, Distorted=0, WritesEveryPixel=1, ModifiesMeshPosition=0, Usage={}"
"/Engine/EngineDebugMaterials/DebugMeshMaterial.DebugMeshMaterial","0","7","0","7","7","Compiling DebugMeshMaterial: Platform=PCD3D_SM5, Usage=LightingModel=MSM_Unlit, BlendMode=BLEND_Translucent, SpecialEngine=0, TwoSided=1, TSNormal=1, Masked=0, Distorted=0, WritesEveryPixel=1, ModifiesMeshPosition=0, Usage={}"
"/Engine/EngineMaterials/RemoveSurfaceMaterial.RemoveSurfaceMaterial","0","4","0","4","4","Compiling RemoveSurfaceMaterial: Platform=PCD3D_SM5, Usage=LightingModel=MSM_Unlit, BlendMode=BLEND_Opaque, SpecialEngine=0, TwoSided=0, TSNormal=1, Masked=0, Distorted=0, WritesEveryPixel=1, ModifiesMeshPosition=0, Usage={bUsedWithStaticLighting}"
"/Engine/EngineMaterials/NaniteHiddenSectionMaterial.NaniteHiddenSectionMaterial","0","27","0","29","29","Compiling NaniteHiddenSectionMaterial: Platform=PCD3D_SM5, Usage=LightingModel=MSM_DefaultLit, BlendMode=BLEND_Opaque, SpecialEngine=0, TwoSided=1, TSNormal=1, Masked=0, Distorted=0, WritesEveryPixel=1, ModifiesMeshPosition=1, Usage={}"
"/Game/MSPresets/M_MS_Imperfection_Material_VT/M_MS_Imperfection_Material_VT.M_MS_Imperfection_Material_VT","0","14","0","14","14","Compiling M_MS_Imperfection_Material_VT: Platform=PCD3D_SM5, Usage=LightingModel=MSM_DefaultLit, BlendMode=BLEND_Opaque, SpecialEngine=0, TwoSided=0, TSNormal=1, Masked=0, Distorted=0, WritesEveryPixel=1, ModifiesMeshPosition=0, Usage={}, StaticSwitch'Use Mask Texture Channel?2-1'=False"
"/Game/MSPresets/M_MS_Imperfection_Material/M_MS_Imperfection_Material.M_MS_Imperfection_Material","0","14","0","14","14","Compiling M_MS_Imperfection_Material: Platform=PCD3D_SM5, Usage=LightingModel=MSM_DefaultLit, BlendMode=BLEND_Opaque, SpecialEngine=0, TwoSided=0, TSNormal=1, Masked=0, Distorted=0, WritesEveryPixel=1, ModifiesMeshPosition=0, Usage={}, StaticSwitch'Use Mask Texture Channel?2-1'=False"
"/Engine/EditorMaterials/Dataflow/DataflowVertexMaterial.DataflowVertexMaterial","0","26","0","26","26","Compiling DataflowVertexMaterial: Platform=PCD3D_SM5, Usage=LightingModel=MSM_DefaultLit, BlendMode=BLEND_Opaque, SpecialEngine=0, TwoSided=0, TSNormal=1, Masked=0, Distorted=0, WritesEveryPixel=1, ModifiesMeshPosition=0, Usage={bUsedWithSkeletalMesh}"
"/Engine/BasicShapes/BasicShapeMaterial.BasicShapeMaterial","0","67","0","67","67","Compiling BasicShapeMaterial: Platform=PCD3D_SM5, Usage=LightingModel=MSM_DefaultLit, BlendMode=BLEND_Opaque, SpecialEngine=0, TwoSided=0, TSNormal=1, Masked=0, Distorted=0, WritesEveryPixel=1, ModifiesMeshPosition=0, Usage={bUsedWithStaticLighting,bUsedWithInstancedStaticMeshes,bUsedWithGeometryCollections,bUsedWithNanite}"
"/Niagara/DefaultAssets/DefaultSpriteMaterial.DefaultSpriteMaterial","0","32","0","37","37","Compiling DefaultSpriteMaterial: Platform=PCD3D_SM5, Usage=LightingModel=MSM_Unlit, BlendMode=BLEND_Additive, SpecialEngine=0, TwoSided=1, TSNormal=1, Masked=0, Distorted=0, WritesEveryPixel=1, ModifiesMeshPosition=0, Usage={bUsedWithParticleSprites,bUsedWithNiagaraSprites,bUsedWithNiagaraRibbons}"
"/ControlRig/Controls/ControlRigXRayMaterial.ControlRigXRayMaterial","0","10","0","11","11","Compiling ControlRigXRayMaterial: Platform=PCD3D_SM5, Usage=LightingModel=MSM_Unlit, BlendMode=BLEND_Translucent, SpecialEngine=0, TwoSided=0, TSNormal=1, Masked=0, Distorted=0, WritesEveryPixel=1, ModifiesMeshPosition=1, Usage={bUsedWithStaticLighting}"
"/Engine/EditorLandscapeResources/SplineEditorMeshMat.SplineEditorMeshMat","0","12","0","14","14","Compiling SplineEditorMeshMat: Platform=PCD3D_SM5, Usage=LightingModel=MSM_Unlit, BlendMode=BLEND_Opaque, SpecialEngine=0, TwoSided=1, TSNormal=1, Masked=0, Distorted=0, WritesEveryPixel=1, ModifiesMeshPosition=0, Usage={bUsedWithSplineMeshes,bUsedWithNanite}"
"/Engine/EngineDebugMaterials/M_SimpleUnlitTranslucent.M_SimpleUnlitTranslucent","0","5","0","5","5","Compiling M_SimpleUnlitTranslucent: Platform=PCD3D_SM5, Usage=LightingModel=MSM_Unlit, BlendMode=BLEND_Translucent, SpecialEngine=0, TwoSided=0, TSNormal=1, Masked=0, Distorted=0, WritesEveryPixel=1, ModifiesMeshPosition=0, Usage={}"
"/Engine/EditorMaterials/Camera/CineMat.CineMat","0","26","0","26","26","Compiling CineMat: Platform=PCD3D_SM5, Usage=LightingModel=MSM_DefaultLit, BlendMode=BLEND_Opaque, SpecialEngine=0, TwoSided=0, TSNormal=1, Masked=0, Distorted=0, WritesEveryPixel=1, ModifiesMeshPosition=0, Usage={bUsedWithSplineMeshes}"
"/Engine/VREditor/TransformGizmo/Xray.Xray","0","14","0","14","14","Compiling Xray: Platform=PCD3D_SM5, Usage=LightingModel=MSM_DefaultLit, BlendMode=BLEND_Opaque, SpecialEngine=0, TwoSided=0, TSNormal=1, Masked=0, Distorted=0, WritesEveryPixel=1, ModifiesMeshPosition=0, Usage={}"
"/Engine/VREditor/TransformGizmo/Main.Main","0","5","0","5","5","Compiling Main: Platform=PCD3D_SM5, Usage=LightingModel=MSM_Unlit, BlendMode=BLEND_Translucent, SpecialEngine=0, TwoSided=0, TSNormal=1, Masked=0, Distorted=0, WritesEveryPixel=1, ModifiesMeshPosition=0, Usage={}"
"/Engine/EditorMaterials/PreviewShadowIndicatorMaterial.PreviewShadowIndicatorMaterial","0","45","0","45","45","Compiling PreviewShadowIndicatorMaterial: Platform=PCD3D_SM5, Usage=LightingModel=MSM_Unlit, BlendMode=BLEND_Opaque, SpecialEngine=0, TwoSided=0, TSNormal=1, Masked=0, Distorted=0, WritesEveryPixel=1, ModifiesMeshPosition=0, Usage={}"
"/Engine/EngineSky/M_Sky_Panning_Clouds2.M_Sky_Panning_Clouds2","0","4","0","4","4","Compiling M_Sky_Panning_Clouds2: Platform=PCD3D_SM5, Usage=LightingModel=MSM_Unlit, BlendMode=BLEND_Opaque, SpecialEngine=0, TwoSided=0, TSNormal=1, Masked=0, Distorted=0, WritesEveryPixel=1, ModifiesMeshPosition=0, Usage={bUsedWithStaticLighting}"
"/Game/MSPresets/M_MS_Foliage_Material/M_MS_Foliage_Material.M_MS_Foliage_Material","0","29","0","31","31","Compiling M_MS_Foliage_Material: Platform=PCD3D_SM5, Usage=LightingModel=MSM_TwoSidedFoliage, BlendMode=BLEND_Masked, SpecialEngine=0, TwoSided=1, TSNormal=1, Masked=1, Distorted=0, WritesEveryPixel=0, ModifiesMeshPosition=1, Usage={}, StaticSwitch'EnableGrassWind2-1'=False"
"/Game/MSPresets/M_MS_Billboard_Material/M_MS_Billboard_Material.M_MS_Billboard_Material","0","58","0","62","62","Compiling M_MS_Billboard_Material: Platform=PCD3D_SM5, Usage=LightingModel=MSM_TwoSidedFoliage, BlendMode=BLEND_Masked, SpecialEngine=0, TwoSided=1, TSNormal=0, Masked=1, Distorted=0, WritesEveryPixel=0, ModifiesMeshPosition=1, Usage={bUsedWithInstancedStaticMeshes}, StaticSwitch'Camera Facing Billboard2-1'=True, StaticSwitch'EnableGrassWind2-1'=False"
"/Game/QuadrapedCreatures/Griffon/Materials/M_Griffon_Feathers.M_Griffon_Feathers","0","54","0","58","58","Compiling M_Griffon_Feathers: Platform=PCD3D_SM5, Usage=LightingModel=MSM_TwoSidedFoliage, BlendMode=BLEND_Masked, SpecialEngine=0, TwoSided=1, TSNormal=1, Masked=1, Distorted=0, WritesEveryPixel=0, ModifiesMeshPosition=0, Usage={bUsedWithSkeletalMesh}"
"/Game/QuadrapedCreatures/Griffon/Materials/M_Griffon.M_Griffon","0","26","0","26","26","Compiling M_Griffon: Platform=PCD3D_SM5, Usage=LightingModel=MSM_DefaultLit, BlendMode=BLEND_Opaque, SpecialEngine=0, TwoSided=0, TSNormal=1, Masked=0, Distorted=0, WritesEveryPixel=1, ModifiesMeshPosition=0, Usage={bUsedWithSkeletalMesh}"
"/Game/MSPresets/M_MS_Imperfection_Material_VT/M_MS_Imperfection_Material_Var_VT.M_MS_Imperfection_Material_Var_VT","0","14","0","14","14","Compiling M_MS_Imperfection_Material_Var_VT: Platform=PCD3D_SM5, Usage=LightingModel=MSM_DefaultLit, BlendMode=BLEND_Opaque, SpecialEngine=0, TwoSided=0, TSNormal=1, Masked=0, Distorted=0, WritesEveryPixel=1, ModifiesMeshPosition=0, Usage={}"
"/Game/MSPresets/M_MS_Imperfection_Material_Var/M_MS_Imperfection_Material_Var.M_MS_Imperfection_Material_Var","0","14","0","14","14","Compiling M_MS_Imperfection_Material_Var: Platform=PCD3D_SM5, Usage=LightingModel=MSM_DefaultLit, BlendMode=BLEND_Opaque, SpecialEngine=0, TwoSided=0, TSNormal=1, Masked=0, Distorted=0, WritesEveryPixel=1, ModifiesMeshPosition=0, Usage={}"
"/Game/MSPresets/M_MS_Default_Material_VT/M_MS_Default_Material_VT.M_MS_Default_Material_VT","0","14","0","14","14","Compiling M_MS_Default_Material_VT: Platform=PCD3D_SM5, Usage=LightingModel=MSM_DefaultLit, BlendMode=BLEND_Opaque, SpecialEngine=0, TwoSided=0, TSNormal=1, Masked=0, Distorted=0, WritesEveryPixel=1, ModifiesMeshPosition=0, Usage={}, StaticSwitch'Use Adjusted Maps2-1'=True"
"/Game/MSPresets/M_MS_Default_Material/M_MS_Default_Material.M_MS_Default_Material","0","14","0","14","14","Compiling M_MS_Default_Material: Platform=PCD3D_SM5, Usage=LightingModel=MSM_DefaultLit, BlendMode=BLEND_Opaque, SpecialEngine=0, TwoSided=0, TSNormal=1, Masked=0, Distorted=0, WritesEveryPixel=1, ModifiesMeshPosition=0, Usage={}, StaticSwitch'Use Adjusted Maps2-1'=True"
"/Game/MSPresets/M_MS_Surface_Material/M_MS_Surface_Material.M_MS_Surface_Material","0","14","0","14","14","Compiling M_MS_Surface_Material: Platform=PCD3D_SM5, Usage=LightingModel=MSM_DefaultLit, BlendMode=BLEND_Opaque, SpecialEngine=0, TwoSided=0, TSNormal=1, Masked=0, Distorted=0, WritesEveryPixel=1, ModifiesMeshPosition=0, Usage={}, StaticSwitch'Enable SSS Parameters2-1'=True, StaticSwitch'Use Adjusted Maps2-1'=True"
"/Game/MSPresets/M_MS_Default_Fuzz_Material_VT/M_MS_Default_Fuzz_Material_VT.M_MS_Default_Fuzz_Material_VT","0","14","0","14","14","Compiling M_MS_Default_Fuzz_Material_VT: Platform=PCD3D_SM5, Usage=LightingModel=MSM_Cloth, BlendMode=BLEND_Opaque, SpecialEngine=0, TwoSided=0, TSNormal=1, Masked=0, Distorted=0, WritesEveryPixel=1, ModifiesMeshPosition=0, Usage={}, StaticSwitch'Enable SSS Parameters2-1'=True, StaticSwitch'Use Adjusted Maps2-1'=True"
"/Game/MSPresets/M_MS_Default_Fuzz_Material/M_MS_Default_Fuzz_Material.M_MS_Default_Fuzz_Material","0","14","0","14","14","Compiling M_MS_Default_Fuzz_Material: Platform=PCD3D_SM5, Usage=LightingModel=MSM_Cloth, BlendMode=BLEND_Opaque, SpecialEngine=0, TwoSided=0, TSNormal=1, Masked=0, Distorted=0, WritesEveryPixel=1, ModifiesMeshPosition=0, Usage={}, StaticSwitch'Enable SSS Parameters2-1'=True, StaticSwitch'Use Adjusted Maps2-1'=True"
"/Game/MSPresets/M_MS_Default_Transmission_Material_VT/M_MS_Default_Transmission_Material_VT.M_MS_Default_Transmission_Material_VT","0","14","0","14","14","Compiling M_MS_Default_Transmission_Material_VT: Platform=PCD3D_SM5, Usage=LightingModel=MSM_Subsurface, BlendMode=BLEND_Opaque, SpecialEngine=0, TwoSided=0, TSNormal=1, Masked=0, Distorted=0, WritesEveryPixel=1, ModifiesMeshPosition=0, Usage={}, StaticSwitch'Enable SSS Parameters2-1'=True, StaticSwitch'Use Adjusted Maps2-1'=True"
"/Game/MSPresets/M_MS_Default_Transmission_Material/M_MS_Default_Transmission_Material.M_MS_Default_Transmission_Material","0","14","0","14","14","Compiling M_MS_Default_Transmission_Material: Platform=PCD3D_SM5, Usage=LightingModel=MSM_Subsurface, BlendMode=BLEND_Opaque, SpecialEngine=0, TwoSided=0, TSNormal=1, Masked=0, Distorted=0, WritesEveryPixel=1, ModifiesMeshPosition=0, Usage={}, StaticSwitch'Enable SSS Parameters2-1'=True, StaticSwitch'Use Adjusted Maps2-1'=True"
"/Game/MSPresets/M_MS_ImperfectionDecal_Material_VT/M_MS_ImperfectionDecal_Material_VT.M_MS_ImperfectionDecal_Material_VT","0","21","21","21","63","Compiling M_MS_ImperfectionDecal_Material_VT: Platform=PCD3D_SM5, Usage=LightingModel=MSM_DefaultLit, BlendMode=BLEND_Translucent, SpecialEngine=0, TwoSided=0, TSNormal=1, Masked=0, Distorted=0, WritesEveryPixel=1, ModifiesMeshPosition=0, Usage={}, StaticSwitch'UsePOM2-1'=False"
"/Game/MSPresets/M_MS_ImperfectionDecal_Material/M_MS_ImperfectionDecal_Material.M_MS_ImperfectionDecal_Material","0","21","21","21","63","Compiling M_MS_ImperfectionDecal_Material: Platform=PCD3D_SM5, Usage=LightingModel=MSM_DefaultLit, BlendMode=BLEND_Translucent, SpecialEngine=0, TwoSided=0, TSNormal=1, Masked=0, Distorted=0, WritesEveryPixel=1, ModifiesMeshPosition=0, Usage={}, StaticSwitch'UsePOM2-1'=False"
"/Game/MSPresets/M_MS_Decal_Material_VT/M_MS_Decal_Material_VT.M_MS_Decal_Material_VT","0","21","21","21","63","Compiling M_MS_Decal_Material_VT: Platform=PCD3D_SM5, Usage=LightingModel=MSM_DefaultLit, BlendMode=BLEND_Translucent, SpecialEngine=0, TwoSided=0, TSNormal=1, Masked=0, Distorted=0, WritesEveryPixel=1, ModifiesMeshPosition=0, Usage={}, StaticSwitch'Metallic Map2-1'=False, StaticSwitch'UsePOM2-1'=False"
"/Game/MSPresets/M_MS_Decal_Material/M_MS_Decal_Material.M_MS_Decal_Material","0","21","21","21","63","Compiling M_MS_Decal_Material: Platform=PCD3D_SM5, Usage=LightingModel=MSM_DefaultLit, BlendMode=BLEND_Translucent, SpecialEngine=0, TwoSided=0, TSNormal=1, Masked=0, Distorted=0, WritesEveryPixel=1, ModifiesMeshPosition=0, Usage={}, StaticSwitch'Metallic Map2-1'=False, StaticSwitch'UsePOM2-1'=False"
"/Engine/EngineSky/M_SimpleSkyDome.M_SimpleSkyDome","0","4","0","4","4","Compiling M_SimpleSkyDome: Platform=PCD3D_SM5, Usage=LightingModel=MSM_Unlit, BlendMode=BLEND_Opaque, SpecialEngine=0, TwoSided=0, TSNormal=1, Masked=0, Distorted=0, WritesEveryPixel=1, ModifiesMeshPosition=0, Usage={}"
"/Engine/EngineMaterials/FlattenMaterial_WS_Normal_VT.FlattenMaterial_WS_Normal_VT","0","35","0","35","35","Compiling FlattenMaterial_WS_Normal_VT: Platform=PCD3D_SM5, Usage=LightingModel=MSM_DefaultLit, BlendMode=BLEND_Opaque, SpecialEngine=0, TwoSided=0, TSNormal=0, Masked=0, Distorted=0, WritesEveryPixel=1, ModifiesMeshPosition=0, Usage={bUsedWithSkeletalMesh,bUsedWithStaticLighting,bUsedWithMorphTargets,bUsedWithNanite}, StaticSwitch'PackMetallic2-1'=False, StaticSwitch'PackRoughness2-1'=False, StaticSwitch'PackSpecular2-1'=False, StaticSwitch'UseAmbientOcclusion2-1'=False, StaticSwitch'UseBaseColor2-1'=False, StaticSwitch'UseCustomUV2-1'=False, StaticSwitch'UseEmissiveColor2-1'=False, StaticSwitch'UseEmissiveHDR2-1'=False, StaticSwitch'UseMetallic2-1'=False, StaticSwitch'UseOpacity2-1'=False, StaticSwitch'UseOpacityMask2-1'=False, StaticSwitch'UseRoughness2-1'=False, StaticSwitch'UseSpecular2-1'=False, StaticSwitch'UseUV12-1'=False, StaticSwitch'UseUV22-1'=False, StaticSwitch'UseUV32-1'=False, StaticSwitch'UseUV42-1'=False, StaticSwitch'UseUV52-1'=False, StaticSwitch'UseUV62-1'=False"
"/Engine/VREditor/TransformGizmo/TransformGizmoMaterial.TransformGizmoMaterial","0","4","0","4","4","Compiling TransformGizmoMaterial: Platform=PCD3D_SM5, Usage=LightingModel=MSM_Unlit, BlendMode=BLEND_Opaque, SpecialEngine=0, TwoSided=0, TSNormal=1, Masked=0, Distorted=0, WritesEveryPixel=1, ModifiesMeshPosition=0, Usage={}"
"/Engine/VREditor/TransformGizmo/TranslucentTransformGizmoMaterial.TranslucentTransformGizmoMaterial","0","5","0","5","5","Compiling TranslucentTransformGizmoMaterial: Platform=PCD3D_SM5, Usage=LightingModel=MSM_Unlit, BlendMode=BLEND_Translucent, SpecialEngine=0, TwoSided=0, TSNormal=1, Masked=0, Distorted=0, WritesEveryPixel=1, ModifiesMeshPosition=0, Usage={}"
"/Engine/EngineMaterials/DefaultLightFunctionMaterial.DefaultLightFunctionMaterial","0","55","0","55","55","Compiling DefaultLightFunctionMaterial: Platform=PCD3D_SM5, Usage=LightingModel=MSM_Unlit, BlendMode=BLEND_Opaque, SpecialEngine=0, TwoSided=0, TSNormal=1, Masked=0, Distorted=0, WritesEveryPixel=1, ModifiesMeshPosition=0, Usage={}"
"/Engine/EngineMaterials/FlattenMaterial_VT.FlattenMaterial_VT","0","35","0","35","35","Compiling FlattenMaterial_VT: Platform=PCD3D_SM5, Usage=LightingModel=MSM_DefaultLit, BlendMode=BLEND_Opaque, SpecialEngine=0, TwoSided=0, TSNormal=1, Masked=0, Distorted=0, WritesEveryPixel=1, ModifiesMeshPosition=0, Usage={bUsedWithSkeletalMesh,bUsedWithStaticLighting,bUsedWithMorphTargets,bUsedWithNanite}, StaticSwitch'PackMetallic2-1'=False, StaticSwitch'PackRoughness2-1'=False, StaticSwitch'PackSpecular2-1'=False, StaticSwitch'UseAmbientOcclusion2-1'=False, StaticSwitch'UseBaseColor2-1'=False, StaticSwitch'UseCustomUV2-1'=False, StaticSwitch'UseEmissiveColor2-1'=False, StaticSwitch'UseEmissiveHDR2-1'=False, StaticSwitch'UseMetallic2-1'=False, StaticSwitch'UseOpacity2-1'=False, StaticSwitch'UseOpacityMask2-1'=False, StaticSwitch'UseRoughness2-1'=False, StaticSwitch'UseSpecular2-1'=False, StaticSwitch'UseUV12-1'=False, StaticSwitch'UseUV22-1'=False, StaticSwitch'UseUV32-1'=False, StaticSwitch'UseUV42-1'=False, StaticSwitch'UseUV52-1'=False, StaticSwitch'UseUV62-1'=False"
"/Engine/EngineMaterials/FlattenMaterial.FlattenMaterial","0","35","0","35","35","Compiling FlattenMaterial: Platform=PCD3D_SM5, Usage=LightingModel=MSM_DefaultLit, BlendMode=BLEND_Opaque, SpecialEngine=0, TwoSided=0, TSNormal=1, Masked=0, Distorted=0, WritesEveryPixel=1, ModifiesMeshPosition=0, Usage={bUsedWithSkeletalMesh,bUsedWithStaticLighting,bUsedWithMorphTargets,bUsedWithNanite}, StaticSwitch'PackMetallic2-1'=False, StaticSwitch'PackRoughness2-1'=False, StaticSwitch'PackSpecular2-1'=False, StaticSwitch'UseAmbientOcclusion2-1'=False, StaticSwitch'UseBaseColor2-1'=False, StaticSwitch'UseCustomUV2-1'=False, StaticSwitch'UseEmissiveColor2-1'=False, StaticSwitch'UseEmissiveHDR2-1'=False, StaticSwitch'UseMetallic2-1'=False, StaticSwitch'UseOpacity2-1'=False, StaticSwitch'UseOpacityMask2-1'=False, StaticSwitch'UseRoughness2-1'=False, StaticSwitch'UseSpecular2-1'=False, StaticSwitch'UseUV12-1'=False, StaticSwitch'UseUV22-1'=False, StaticSwitch'UseUV32-1'=False, StaticSwitch'UseUV42-1'=False, StaticSwitch'UseUV52-1'=False, StaticSwitch'UseUV62-1'=False"
"/Engine/EngineMaterials/M_InvalidLightmapSettings.M_InvalidLightmapSettings","0","28","0","28","28","Compiling M_InvalidLightmapSettings: Platform=PCD3D_SM5, Usage=LightingModel=MSM_DefaultLit, BlendMode=BLEND_Opaque, SpecialEngine=0, TwoSided=0, TSNormal=1, Masked=0, Distorted=0, WritesEveryPixel=1, ModifiesMeshPosition=0, Usage={bUsedWithInstancedStaticMeshes}"
"/Engine/EngineMaterials/EmissiveMeshMaterial.EmissiveMeshMaterial","0","7","0","7","7","Compiling EmissiveMeshMaterial: Platform=PCD3D_SM5, Usage=LightingModel=MSM_Unlit, BlendMode=BLEND_Additive, SpecialEngine=0, TwoSided=1, TSNormal=1, Masked=0, Distorted=0, WritesEveryPixel=1, ModifiesMeshPosition=0, Usage={}"
"/ControlRig/M_Manip.M_Manip","0","10","0","11","11","Compiling M_Manip: Platform=PCD3D_SM5, Usage=LightingModel=MSM_Unlit, BlendMode=BLEND_Translucent, SpecialEngine=0, TwoSided=0, TSNormal=1, Masked=0, Distorted=0, WritesEveryPixel=1, ModifiesMeshPosition=1, Usage={}"
"/Engine/EngineMaterials/PhAT_JointLimitMaterial.PhAT_JointLimitMaterial","0","10","0","11","11","Compiling PhAT_JointLimitMaterial: Platform=PCD3D_SM5, Usage=LightingModel=MSM_Unlit, BlendMode=BLEND_Translucent, SpecialEngine=0, TwoSided=1, TSNormal=1, Masked=0, Distorted=0, WritesEveryPixel=1, ModifiesMeshPosition=1, Usage={}"
"/Engine/EngineDebugMaterials/M_VolumeRenderSphereTracePP.M_VolumeRenderSphereTracePP","0","5","0","5","5","Compiling M_VolumeRenderSphereTracePP: Platform=PCD3D_SM5, Usage=LightingModel=MSM_Unlit, BlendMode=BLEND_Opaque, SpecialEngine=0, TwoSided=0, TSNormal=1, Masked=0, Distorted=0, WritesEveryPixel=1, ModifiesMeshPosition=0, Usage={}"
"/Game/Cursor/M_Cursor.M_Cursor","0","54","0","58","58","Compiling M_Cursor: Platform=PCD3D_SM5, Usage=LightingModel=MSM_DefaultLit, BlendMode=BLEND_Masked, SpecialEngine=0, TwoSided=1, TSNormal=1, Masked=1, Distorted=0, WritesEveryPixel=0, ModifiesMeshPosition=0, Usage={bUsedWithNiagaraMeshParticles}"
"/Engine/EngineMaterials/DefaultPostProcessMaterial.DefaultPostProcessMaterial","0","27","0","27","27","Compiling DefaultPostProcessMaterial: Platform=PCD3D_SM5, Usage=LightingModel=MSM_Unlit, BlendMode=BLEND_Opaque, SpecialEngine=0, TwoSided=0, TSNormal=1, Masked=0, Distorted=0, WritesEveryPixel=1, ModifiesMeshPosition=0, Usage={bUsedWithSkeletalMesh,bUsedWithStaticLighting}"
"/Game/QuadrapedCreatures/Centaur/Materials/M_Centaur_Hair_4.M_Centaur_Hair_4","0","42","0","42","42","Compiling M_Centaur_Hair_4: Platform=PCD3D_SM5, Usage=LightingModel=MSM_DefaultLit, BlendMode=BLEND_Translucent, SpecialEngine=0, TwoSided=1, TSNormal=1, Masked=0, Distorted=0, WritesEveryPixel=1, ModifiesMeshPosition=0, Usage={bUsedWithSkeletalMesh,bUsedWithMorphTargets}"
"/Game/QuadrapedCreatures/Centaur/Materials/M_Centaur_Hair_3.M_Centaur_Hair_3","0","42","0","42","42","Compiling M_Centaur_Hair_3: Platform=PCD3D_SM5, Usage=LightingModel=MSM_DefaultLit, BlendMode=BLEND_Translucent, SpecialEngine=0, TwoSided=1, TSNormal=1, Masked=0, Distorted=0, WritesEveryPixel=1, ModifiesMeshPosition=0, Usage={bUsedWithSkeletalMesh,bUsedWithMorphTargets}"
"/Game/QuadrapedCreatures/Centaur/Materials/M_Centaur_Hair_2.M_Centaur_Hair_2","0","42","0","42","42","Compiling M_Centaur_Hair_2: Platform=PCD3D_SM5, Usage=LightingModel=MSM_DefaultLit, BlendMode=BLEND_Translucent, SpecialEngine=0, TwoSided=1, TSNormal=1, Masked=0, Distorted=0, WritesEveryPixel=1, ModifiesMeshPosition=0, Usage={bUsedWithSkeletalMesh,bUsedWithMorphTargets}"
"/Game/QuadrapedCreatures/Centaur/Materials/M_Centaur_Hair_1.M_Centaur_Hair_1","0","42","0","42","42","Compiling M_Centaur_Hair_1: Platform=PCD3D_SM5, Usage=LightingModel=MSM_DefaultLit, BlendMode=BLEND_Translucent, SpecialEngine=0, TwoSided=1, TSNormal=1, Masked=0, Distorted=0, WritesEveryPixel=1, ModifiesMeshPosition=0, Usage={bUsedWithSkeletalMesh,bUsedWithMorphTargets}"
"/Engine/EngineMaterials/DefaultMaterial.DefaultMaterial","0","127","0","127","127","Compiling DefaultMaterial: Platform=PCD3D_SM5, Usage=LightingModel=MSM_DefaultLit, BlendMode=BLEND_Opaque, SpecialEngine=0, TwoSided=0, TSNormal=1, Masked=0, Distorted=0, WritesEveryPixel=1, ModifiesMeshPosition=0, Usage={bUsedWithSkeletalMesh,bUsedWithMeshParticles,bUsedWithStaticLighting,bUsedWithSplineMeshes,bUsedWithInstancedStaticMeshes,bUsedWithNiagaraSprites,bUsedWithNiagaraRibbons,bUsedWithNiagaraMeshParticles}"
"/Engine/EngineMaterials/WorldGridMaterial.WorldGridMaterial","0","874","0","0","0","Compiling WorldGridMaterial: Platform=PCD3D_SM5, Usage=LightingModel=MSM_DefaultLit, BlendMode=BLEND_Opaque, SpecialEngine=1, TwoSided=0, TSNormal=1, Masked=0, Distorted=0, WritesEveryPixel=1, ModifiesMeshPosition=0, Usage={}"
"/Engine/EngineMaterials/DefaultDeferredDecalMaterial.DefaultDeferredDecalMaterial","0","117","0","117","117","Compiling DefaultDeferredDecalMaterial: Platform=PCD3D_SM5, Usage=LightingModel=MSM_DefaultLit, BlendMode=BLEND_Translucent, SpecialEngine=0, TwoSided=0, TSNormal=1, Masked=0, Distorted=0, WritesEveryPixel=1, ModifiesMeshPosition=0, Usage={bUsedWithSkeletalMesh,bUsedWithStaticLighting,bUsedWithSplineMeshes}"
"Globals","49","6364","0","0","0",""
"/ControlRig/Controls/ControlRigGizmoMaterial.ControlRigGizmoMaterial","49","4","0","4","4","Compiling ControlRigGizmoMaterial: Platform=PCD3D_SM6, Usage=LightingModel=MSM_Unlit, BlendMode=BLEND_Opaque, SpecialEngine=0, TwoSided=0, TSNormal=1, Masked=0, Distorted=0, WritesEveryPixel=1, ModifiesMeshPosition=0, Usage={}"
"/MeshModelingToolset/Materials/M_DynamicMeshComponentVtxColor.M_DynamicMeshComponentVtxColor","49","18","0","20","20","Compiling M_DynamicMeshComponentVtxColor: Platform=PCD3D_SM6, Usage=LightingModel=MSM_DefaultLit, BlendMode=BLEND_Opaque, SpecialEngine=0, TwoSided=1, TSNormal=1, Masked=0, Distorted=0, WritesEveryPixel=1, ModifiesMeshPosition=0, Usage={}"
"/Engine/EngineDebugMaterials/DebugEditorMaterial.DebugEditorMaterial","49","7","0","8","8","Compiling DebugEditorMaterial: Platform=PCD3D_SM6, Usage=LightingModel=MSM_Unlit, BlendMode=BLEND_Opaque, SpecialEngine=0, TwoSided=1, TSNormal=1, Masked=0, Distorted=0, WritesEveryPixel=1, ModifiesMeshPosition=0, Usage={}"
"/Engine/EditorMaterials/PhAT_NoCollisionMaterial.PhAT_NoCollisionMaterial","49","5","0","5","5","Compiling PhAT_NoCollisionMaterial: Platform=PCD3D_SM6, Usage=LightingModel=MSM_Unlit, BlendMode=BLEND_Translucent, SpecialEngine=0, TwoSided=0, TSNormal=1, Masked=0, Distorted=0, WritesEveryPixel=1, ModifiesMeshPosition=0, Usage={}"
"/Engine/EditorMaterials/PhAT_UnselectedMaterial.PhAT_UnselectedMaterial","49","5","0","5","5","Compiling PhAT_UnselectedMaterial: Platform=PCD3D_SM6, Usage=LightingModel=MSM_Unlit, BlendMode=BLEND_Translucent, SpecialEngine=0, TwoSided=0, TSNormal=1, Masked=0, Distorted=0, WritesEveryPixel=1, ModifiesMeshPosition=0, Usage={}"
"/Engine/EngineMaterials/GizmoMaterial.GizmoMaterial","49","7","0","8","8","Compiling GizmoMaterial: Platform=PCD3D_SM6, Usage=LightingModel=MSM_Unlit, BlendMode=BLEND_Opaque, SpecialEngine=0, TwoSided=1, TSNormal=1, Masked=0, Distorted=0, WritesEveryPixel=1, ModifiesMeshPosition=0, Usage={}"
"/Engine/EngineDebugMaterials/DebugMeshMaterial.DebugMeshMaterial","49","7","0","7","7","Compiling DebugMeshMaterial: Platform=PCD3D_SM6, Usage=LightingModel=MSM_Unlit, BlendMode=BLEND_Translucent, SpecialEngine=0, TwoSided=1, TSNormal=1, Masked=0, Distorted=0, WritesEveryPixel=1, ModifiesMeshPosition=0, Usage={}"
"/Engine/EngineMaterials/RemoveSurfaceMaterial.RemoveSurfaceMaterial","49","4","0","4","4","Compiling RemoveSurfaceMaterial: Platform=PCD3D_SM6, Usage=LightingModel=MSM_Unlit, BlendMode=BLEND_Opaque, SpecialEngine=0, TwoSided=0, TSNormal=1, Masked=0, Distorted=0, WritesEveryPixel=1, ModifiesMeshPosition=0, Usage={bUsedWithStaticLighting}"
"/Engine/EngineMaterials/NaniteHiddenSectionMaterial.NaniteHiddenSectionMaterial","49","29","0","31","31","Compiling NaniteHiddenSectionMaterial: Platform=PCD3D_SM6, Usage=LightingModel=MSM_DefaultLit, BlendMode=BLEND_Opaque, SpecialEngine=0, TwoSided=1, TSNormal=1, Masked=0, Distorted=0, WritesEveryPixel=1, ModifiesMeshPosition=1, Usage={}"
"/Engine/EditorMaterials/Dataflow/DataflowVertexMaterial.DataflowVertexMaterial","49","26","0","26","26","Compiling DataflowVertexMaterial: Platform=PCD3D_SM6, Usage=LightingModel=MSM_DefaultLit, BlendMode=BLEND_Opaque, SpecialEngine=0, TwoSided=0, TSNormal=1, Masked=0, Distorted=0, WritesEveryPixel=1, ModifiesMeshPosition=0, Usage={bUsedWithSkeletalMesh}"
"/Engine/BasicShapes/BasicShapeMaterial.BasicShapeMaterial","49","96","0","96","96","Compiling BasicShapeMaterial: Platform=PCD3D_SM6, Usage=LightingModel=MSM_DefaultLit, BlendMode=BLEND_Opaque, SpecialEngine=0, TwoSided=0, TSNormal=1, Masked=0, Distorted=0, WritesEveryPixel=1, ModifiesMeshPosition=0, Usage={bUsedWithStaticLighting,bUsedWithInstancedStaticMeshes,bUsedWithGeometryCollections,bUsedWithNanite}"
"/ControlRig/Controls/ControlRigXRayMaterial.ControlRigXRayMaterial","49","10","0","11","11","Compiling ControlRigXRayMaterial: Platform=PCD3D_SM6, Usage=LightingModel=MSM_Unlit, BlendMode=BLEND_Translucent, SpecialEngine=0, TwoSided=0, TSNormal=1, Masked=0, Distorted=0, WritesEveryPixel=1, ModifiesMeshPosition=1, Usage={bUsedWithStaticLighting}"
"/Engine/EditorLandscapeResources/SplineEditorMeshMat.SplineEditorMeshMat","49","15","0","17","17","Compiling SplineEditorMeshMat: Platform=PCD3D_SM6, Usage=LightingModel=MSM_Unlit, BlendMode=BLEND_Opaque, SpecialEngine=0, TwoSided=1, TSNormal=1, Masked=0, Distorted=0, WritesEveryPixel=1, ModifiesMeshPosition=0, Usage={bUsedWithSplineMeshes,bUsedWithNanite}"
"/Engine/EngineDebugMaterials/M_SimpleUnlitTranslucent.M_SimpleUnlitTranslucent","49","5","0","5","5","Compiling M_SimpleUnlitTranslucent: Platform=PCD3D_SM6, Usage=LightingModel=MSM_Unlit, BlendMode=BLEND_Translucent, SpecialEngine=0, TwoSided=0, TSNormal=1, Masked=0, Distorted=0, WritesEveryPixel=1, ModifiesMeshPosition=0, Usage={}"
"/Engine/EditorMaterials/Camera/CineMat.CineMat","49","26","0","26","26","Compiling CineMat: Platform=PCD3D_SM6, Usage=LightingModel=MSM_DefaultLit, BlendMode=BLEND_Opaque, SpecialEngine=0, TwoSided=0, TSNormal=1, Masked=0, Distorted=0, WritesEveryPixel=1, ModifiesMeshPosition=0, Usage={bUsedWithSplineMeshes}"
"/Engine/VREditor/TransformGizmo/Xray.Xray","49","14","0","14","14","Compiling Xray: Platform=PCD3D_SM6, Usage=LightingModel=MSM_DefaultLit, BlendMode=BLEND_Opaque, SpecialEngine=0, TwoSided=0, TSNormal=1, Masked=0, Distorted=0, WritesEveryPixel=1, ModifiesMeshPosition=0, Usage={}"
"/Engine/VREditor/TransformGizmo/Main.Main","49","5","0","5","5","Compiling Main: Platform=PCD3D_SM6, Usage=LightingModel=MSM_Unlit, BlendMode=BLEND_Translucent, SpecialEngine=0, TwoSided=0, TSNormal=1, Masked=0, Distorted=0, WritesEveryPixel=1, ModifiesMeshPosition=0, Usage={}"
"/Game/Pickups/M_Apple.M_Apple","49","26","0","26","26","Compiling M_Apple: Platform=PCD3D_SM6, Usage=LightingModel=MSM_DefaultLit, BlendMode=BLEND_Opaque, SpecialEngine=0, TwoSided=0, TSNormal=1, Masked=0, Distorted=0, WritesEveryPixel=1, ModifiesMeshPosition=0, Usage={bUsedWithNiagaraSprites}"
"/Game/LevelPrototyping/Materials/M_Solid.M_Solid","49","26","0","26","26","Compiling M_Solid: Platform=PCD3D_SM6, Usage=LightingModel=MSM_DefaultLit, BlendMode=BLEND_Opaque, SpecialEngine=0, TwoSided=0, TSNormal=1, Masked=0, Distorted=0, WritesEveryPixel=1, ModifiesMeshPosition=0, Usage={bUsedWithSkeletalMesh}"
"/Niagara/DefaultAssets/DefaultSpriteMaterial.DefaultSpriteMaterial","49","32","0","37","37","Compiling DefaultSpriteMaterial: Platform=PCD3D_SM6, Usage=LightingModel=MSM_Unlit, BlendMode=BLEND_Additive, SpecialEngine=0, TwoSided=1, TSNormal=1, Masked=0, Distorted=0, WritesEveryPixel=1, ModifiesMeshPosition=0, Usage={bUsedWithParticleSprites,bUsedWithNiagaraSprites,bUsedWithNiagaraRibbons}"
"/Engine/EngineMaterials/FlattenMaterial_WS_Normal_VT.FlattenMaterial_WS_Normal_VT","49","64","0","64","64","Compiling FlattenMaterial_WS_Normal_VT: Platform=PCD3D_SM6, Usage=LightingModel=MSM_DefaultLit, BlendMode=BLEND_Opaque, SpecialEngine=0, TwoSided=0, TSNormal=0, Masked=0, Distorted=0, WritesEveryPixel=1, ModifiesMeshPosition=0, Usage={bUsedWithSkeletalMesh,bUsedWithStaticLighting,bUsedWithMorphTargets,bUsedWithNanite}, StaticSwitch'PackMetallic2-1'=False, StaticSwitch'PackRoughness2-1'=False, StaticSwitch'PackSpecular2-1'=False, StaticSwitch'UseAmbientOcclusion2-1'=False, StaticSwitch'UseBaseColor2-1'=False, StaticSwitch'UseCustomUV2-1'=False, StaticSwitch'UseEmissiveColor2-1'=False, StaticSwitch'UseEmissiveHDR2-1'=False, StaticSwitch'UseMetallic2-1'=False, StaticSwitch'UseOpacity2-1'=False, StaticSwitch'UseOpacityMask2-1'=False, StaticSwitch'UseRoughness2-1'=False, StaticSwitch'UseSpecular2-1'=False, StaticSwitch'UseUV12-1'=False, StaticSwitch'UseUV22-1'=False, StaticSwitch'UseUV32-1'=False, StaticSwitch'UseUV42-1'=False, StaticSwitch'UseUV52-1'=False, StaticSwitch'UseUV62-1'=False"
"/Engine/EngineMaterials/FlattenMaterial_VT.FlattenMaterial_VT","49","64","0","64","64","Compiling FlattenMaterial_VT: Platform=PCD3D_SM6, Usage=LightingModel=MSM_DefaultLit, BlendMode=BLEND_Opaque, SpecialEngine=0, TwoSided=0, TSNormal=1, Masked=0, Distorted=0, WritesEveryPixel=1, ModifiesMeshPosition=0, Usage={bUsedWithSkeletalMesh,bUsedWithStaticLighting,bUsedWithMorphTargets,bUsedWithNanite}, StaticSwitch'PackMetallic2-1'=False, StaticSwitch'PackRoughness2-1'=False, StaticSwitch'PackSpecular2-1'=False, StaticSwitch'UseAmbientOcclusion2-1'=False, StaticSwitch'UseBaseColor2-1'=False, StaticSwitch'UseCustomUV2-1'=False, StaticSwitch'UseEmissiveColor2-1'=False, StaticSwitch'UseEmissiveHDR2-1'=False, StaticSwitch'UseMetallic2-1'=False, StaticSwitch'UseOpacity2-1'=False, StaticSwitch'UseOpacityMask2-1'=False, StaticSwitch'UseRoughness2-1'=False, StaticSwitch'UseSpecular2-1'=False, StaticSwitch'UseUV12-1'=False, StaticSwitch'UseUV22-1'=False, StaticSwitch'UseUV32-1'=False, StaticSwitch'UseUV42-1'=False, StaticSwitch'UseUV52-1'=False, StaticSwitch'UseUV62-1'=False"
"/Engine/EngineMaterials/FlattenMaterial.FlattenMaterial","49","64","0","64","64","Compiling FlattenMaterial: Platform=PCD3D_SM6, Usage=LightingModel=MSM_DefaultLit, BlendMode=BLEND_Opaque, SpecialEngine=0, TwoSided=0, TSNormal=1, Masked=0, Distorted=0, WritesEveryPixel=1, ModifiesMeshPosition=0, Usage={bUsedWithSkeletalMesh,bUsedWithStaticLighting,bUsedWithMorphTargets,bUsedWithNanite}, StaticSwitch'PackMetallic2-1'=False, StaticSwitch'PackRoughness2-1'=False, StaticSwitch'PackSpecular2-1'=False, StaticSwitch'UseAmbientOcclusion2-1'=False, StaticSwitch'UseBaseColor2-1'=False, StaticSwitch'UseCustomUV2-1'=False, StaticSwitch'UseEmissiveColor2-1'=False, StaticSwitch'UseEmissiveHDR2-1'=False, StaticSwitch'UseMetallic2-1'=False, StaticSwitch'UseOpacity2-1'=False, StaticSwitch'UseOpacityMask2-1'=False, StaticSwitch'UseRoughness2-1'=False, StaticSwitch'UseSpecular2-1'=False, StaticSwitch'UseUV12-1'=False, StaticSwitch'UseUV22-1'=False, StaticSwitch'UseUV32-1'=False, StaticSwitch'UseUV42-1'=False, StaticSwitch'UseUV52-1'=False, StaticSwitch'UseUV62-1'=False"
"/Engine/EngineMaterials/M_InvalidLightmapSettings.M_InvalidLightmapSettings","49","28","0","28","28","Compiling M_InvalidLightmapSettings: Platform=PCD3D_SM6, Usage=LightingModel=MSM_DefaultLit, BlendMode=BLEND_Opaque, SpecialEngine=0, TwoSided=0, TSNormal=1, Masked=0, Distorted=0, WritesEveryPixel=1, ModifiesMeshPosition=0, Usage={bUsedWithInstancedStaticMeshes}"
"/Engine/EngineMaterials/EmissiveMeshMaterial.EmissiveMeshMaterial","49","7","0","7","7","Compiling EmissiveMeshMaterial: Platform=PCD3D_SM6, Usage=LightingModel=MSM_Unlit, BlendMode=BLEND_Additive, SpecialEngine=0, TwoSided=1, TSNormal=1, Masked=0, Distorted=0, WritesEveryPixel=1, ModifiesMeshPosition=0, Usage={}"
"/ControlRig/M_Manip.M_Manip","49","10","0","11","11","Compiling M_Manip: Platform=PCD3D_SM6, Usage=LightingModel=MSM_Unlit, BlendMode=BLEND_Translucent, SpecialEngine=0, TwoSided=0, TSNormal=1, Masked=0, Distorted=0, WritesEveryPixel=1, ModifiesMeshPosition=1, Usage={}"
"/Paper2D/DefaultSpriteMaterial.DefaultSpriteMaterial","49","36","0","40","40","Compiling DefaultSpriteMaterial: Platform=PCD3D_SM6, Usage=LightingModel=MSM_Unlit, BlendMode=BLEND_Masked, SpecialEngine=0, TwoSided=1, TSNormal=1, Masked=1, Distorted=0, WritesEveryPixel=0, ModifiesMeshPosition=0, Usage={bUsedWithNiagaraSprites}"
"/Paper2D/DefaultSpriteMaterial.DefaultSpriteMaterial","49","12","0","14","14","Compiling DefaultSpriteMaterial: Platform=PCD3D_SM6, Usage=LightingModel=MSM_Unlit, BlendMode=BLEND_Opaque, SpecialEngine=0, TwoSided=1, TSNormal=1, Masked=0, Distorted=0, WritesEveryPixel=1, ModifiesMeshPosition=0, Usage={bUsedWithNiagaraSprites}"
"/Engine/VREditor/TransformGizmo/TranslucentTransformGizmoMaterial.TranslucentTransformGizmoMaterial","49","5","0","5","5","Compiling TranslucentTransformGizmoMaterial: Platform=PCD3D_SM6, Usage=LightingModel=MSM_Unlit, BlendMode=BLEND_Translucent, SpecialEngine=0, TwoSided=0, TSNormal=1, Masked=0, Distorted=0, WritesEveryPixel=1, ModifiesMeshPosition=0, Usage={}"
"/Engine/EngineMaterials/DefaultLightFunctionMaterial.DefaultLightFunctionMaterial","49","71","0","71","71","Compiling DefaultLightFunctionMaterial: Platform=PCD3D_SM6, Usage=LightingModel=MSM_Unlit, BlendMode=BLEND_Opaque, SpecialEngine=0, TwoSided=0, TSNormal=1, Masked=0, Distorted=0, WritesEveryPixel=1, ModifiesMeshPosition=0, Usage={}"
"/Engine/EngineMaterials/PhAT_JointLimitMaterial.PhAT_JointLimitMaterial","49","10","0","11","11","Compiling PhAT_JointLimitMaterial: Platform=PCD3D_SM6, Usage=LightingModel=MSM_Unlit, BlendMode=BLEND_Translucent, SpecialEngine=0, TwoSided=1, TSNormal=1, Masked=0, Distorted=0, WritesEveryPixel=1, ModifiesMeshPosition=1, Usage={}"
"/Engine/EngineDebugMaterials/M_VolumeRenderSphereTracePP.M_VolumeRenderSphereTracePP","49","5","0","5","5","Compiling M_VolumeRenderSphereTracePP: Platform=PCD3D_SM6, Usage=LightingModel=MSM_Unlit, BlendMode=BLEND_Opaque, SpecialEngine=0, TwoSided=0, TSNormal=1, Masked=0, Distorted=0, WritesEveryPixel=1, ModifiesMeshPosition=0, Usage={}"
"/Engine/VREditor/TransformGizmo/TransformGizmoMaterial.TransformGizmoMaterial","49","4","0","4","4","Compiling TransformGizmoMaterial: Platform=PCD3D_SM6, Usage=LightingModel=MSM_Unlit, BlendMode=BLEND_Opaque, SpecialEngine=0, TwoSided=0, TSNormal=1, Masked=0, Distorted=0, WritesEveryPixel=1, ModifiesMeshPosition=0, Usage={}"
"/Engine/EngineMaterials/Widget3DPassThrough.Widget3DPassThrough","49","5","0","5","5","Compiling Widget3DPassThrough: Platform=PCD3D_SM6, Usage=LightingModel=MSM_Unlit, BlendMode=BLEND_Translucent, SpecialEngine=0, TwoSided=0, TSNormal=1, Masked=0, Distorted=0, WritesEveryPixel=1, ModifiesMeshPosition=0, Usage={}"
"/Engine/EngineMaterials/Widget3DPassThrough.Widget3DPassThrough","49","19","0","21","21","Compiling Widget3DPassThrough: Platform=PCD3D_SM6, Usage=LightingModel=MSM_Unlit, BlendMode=BLEND_Masked, SpecialEngine=0, TwoSided=1, TSNormal=1, Masked=1, Distorted=0, WritesEveryPixel=0, ModifiesMeshPosition=0, Usage={}"
"/Engine/EngineMaterials/Widget3DPassThrough.Widget3DPassThrough","49","7","0","8","8","Compiling Widget3DPassThrough: Platform=PCD3D_SM6, Usage=LightingModel=MSM_Unlit, BlendMode=BLEND_Opaque, SpecialEngine=0, TwoSided=1, TSNormal=1, Masked=0, Distorted=0, WritesEveryPixel=1, ModifiesMeshPosition=0, Usage={}"
"/Engine/EngineMaterials/Widget3DPassThrough.Widget3DPassThrough","49","7","0","7","7","Compiling Widget3DPassThrough: Platform=PCD3D_SM6, Usage=LightingModel=MSM_Unlit, BlendMode=BLEND_Translucent, SpecialEngine=0, TwoSided=1, TSNormal=1, Masked=0, Distorted=0, WritesEveryPixel=1, ModifiesMeshPosition=0, Usage={}"
"/Engine/EngineMaterials/Widget3DPassThrough.Widget3DPassThrough","49","19","0","21","21","Compiling Widget3DPassThrough: Platform=PCD3D_SM6, Usage=LightingModel=MSM_Unlit, BlendMode=BLEND_Masked, SpecialEngine=0, TwoSided=0, TSNormal=1, Masked=1, Distorted=0, WritesEveryPixel=0, ModifiesMeshPosition=0, Usage={}"
"/Engine/EngineMaterials/Widget3DPassThrough.Widget3DPassThrough","49","4","0","4","4","Compiling Widget3DPassThrough: Platform=PCD3D_SM6, Usage=LightingModel=MSM_Unlit, BlendMode=BLEND_Opaque, SpecialEngine=0, TwoSided=0, TSNormal=1, Masked=0, Distorted=0, WritesEveryPixel=1, ModifiesMeshPosition=0, Usage={}"
"/Game/Cursor/M_Cursor.M_Cursor","49","58","0","62","62","Compiling M_Cursor: Platform=PCD3D_SM6, Usage=LightingModel=MSM_DefaultLit, BlendMode=BLEND_Masked, SpecialEngine=0, TwoSided=1, TSNormal=1, Masked=1, Distorted=0, WritesEveryPixel=0, ModifiesMeshPosition=0, Usage={bUsedWithNiagaraMeshParticles}"
"/Engine/EngineMaterials/DefaultPostProcessMaterial.DefaultPostProcessMaterial","49","27","0","27","27","Compiling DefaultPostProcessMaterial: Platform=PCD3D_SM6, Usage=LightingModel=MSM_Unlit, BlendMode=BLEND_Opaque, SpecialEngine=0, TwoSided=0, TSNormal=1, Masked=0, Distorted=0, WritesEveryPixel=1, ModifiesMeshPosition=0, Usage={bUsedWithSkeletalMesh,bUsedWithStaticLighting}"
"/Engine/EngineMaterials/DefaultDeferredDecalMaterial.DefaultDeferredDecalMaterial","49","117","0","117","117","Compiling DefaultDeferredDecalMaterial: Platform=PCD3D_SM6, Usage=LightingModel=MSM_DefaultLit, BlendMode=BLEND_Translucent, SpecialEngine=0, TwoSided=0, TSNormal=1, Masked=0, Distorted=0, WritesEveryPixel=1, ModifiesMeshPosition=0, Usage={bUsedWithSkeletalMesh,bUsedWithStaticLighting,bUsedWithSplineMeshes}"
"/Engine/EngineMaterials/DefaultMaterial.DefaultMaterial","49","127","0","127","127","Compiling DefaultMaterial: Platform=PCD3D_SM6, Usage=LightingModel=MSM_DefaultLit, BlendMode=BLEND_Opaque, SpecialEngine=0, TwoSided=0, TSNormal=1, Masked=0, Distorted=0, WritesEveryPixel=1, ModifiesMeshPosition=0, Usage={bUsedWithSkeletalMesh,bUsedWithMeshParticles,bUsedWithStaticLighting,bUsedWithSplineMeshes,bUsedWithInstancedStaticMeshes,bUsedWithNiagaraSprites,bUsedWithNiagaraRibbons,bUsedWithNiagaraMeshParticles}"
"/Engine/EngineMaterials/WorldGridMaterial.WorldGridMaterial","49","1164","0","1185","0","Compiling WorldGridMaterial: Platform=PCD3D_SM6, Usage=LightingModel=MSM_DefaultLit, BlendMode=BLEND_Opaque, SpecialEngine=1, TwoSided=0, TSNormal=1, Masked=0, Distorted=0, WritesEveryPixel=1, ModifiesMeshPosition=0, Usage={}"
"/Engine/EngineMaterials/DefaultTextMaterialOpaque.DefaultTextMaterialOpaque","49","31","0","33","33","Compiling DefaultTextMaterialOpaque: Platform=PCD3D_SM6, Usage=LightingModel=MSM_DefaultLit, BlendMode=BLEND_Masked, SpecialEngine=0, TwoSided=1, TSNormal=1, Masked=1, Distorted=0, WritesEveryPixel=0, ModifiesMeshPosition=0, Usage={}"
"/Game/QuadrapedCreatures/MountainDragon/Materials/M_MOUNTAIN_DRAGON.M_MOUNTAIN_DRAGON","49","26","0","26","26","Compiling M_MOUNTAIN_DRAGON: Platform=PCD3D_SM6, Usage=LightingModel=MSM_DefaultLit, BlendMode=BLEND_Opaque, SpecialEngine=0, TwoSided=0, TSNormal=1, Masked=0, Distorted=0, WritesEveryPixel=1, ModifiesMeshPosition=0, Usage={bUsedWithSkeletalMesh}"
"/Game/QuadrapedCreatures/Centaur/Materials/M_Centaur_Hair_4.M_Centaur_Hair_4","49","42","0","42","42","Compiling M_Centaur_Hair_4: Platform=PCD3D_SM6, Usage=LightingModel=MSM_DefaultLit, BlendMode=BLEND_Translucent, SpecialEngine=0, TwoSided=1, TSNormal=1, Masked=0, Distorted=0, WritesEveryPixel=1, ModifiesMeshPosition=0, Usage={bUsedWithSkeletalMesh,bUsedWithMorphTargets}"
"/Game/QuadrapedCreatures/Centaur/Materials/M_Centaur_Hair_3.M_Centaur_Hair_3","49","42","0","42","42","Compiling M_Centaur_Hair_3: Platform=PCD3D_SM6, Usage=LightingModel=MSM_DefaultLit, BlendMode=BLEND_Translucent, SpecialEngine=0, TwoSided=1, TSNormal=1, Masked=0, Distorted=0, WritesEveryPixel=1, ModifiesMeshPosition=0, Usage={bUsedWithSkeletalMesh,bUsedWithMorphTargets}"
"/Game/QuadrapedCreatures/Centaur/Materials/M_Centaur_Hair_2.M_Centaur_Hair_2","49","42","0","42","42","Compiling M_Centaur_Hair_2: Platform=PCD3D_SM6, Usage=LightingModel=MSM_DefaultLit, BlendMode=BLEND_Translucent, SpecialEngine=0, TwoSided=1, TSNormal=1, Masked=0, Distorted=0, WritesEveryPixel=1, ModifiesMeshPosition=0, Usage={bUsedWithSkeletalMesh,bUsedWithMorphTargets}"
"/Game/QuadrapedCreatures/Centaur/Materials/M_Centaur_Hair_1.M_Centaur_Hair_1","49","42","0","42","42","Compiling M_Centaur_Hair_1: Platform=PCD3D_SM6, Usage=LightingModel=MSM_DefaultLit, BlendMode=BLEND_Translucent, SpecialEngine=0, TwoSided=1, TSNormal=1, Masked=0, Distorted=0, WritesEveryPixel=1, ModifiesMeshPosition=0, Usage={bUsedWithSkeletalMesh,bUsedWithMorphTargets}"
"/Game/QuadrapedCreatures/Centaur/Materials/M_Centaur_Gear.M_Centaur_Gear","49","26","0","26","26","Compiling M_Centaur_Gear: Platform=PCD3D_SM6, Usage=LightingModel=MSM_DefaultLit, BlendMode=BLEND_Opaque, SpecialEngine=0, TwoSided=0, TSNormal=1, Masked=0, Distorted=0, WritesEveryPixel=1, ModifiesMeshPosition=0, Usage={bUsedWithSkeletalMesh}"
"/Game/QuadrapedCreatures/Centaur/Materials/M_Centaur_Eyes.M_Centaur_Eyes","49","26","0","26","26","Compiling M_Centaur_Eyes: Platform=PCD3D_SM6, Usage=LightingModel=MSM_DefaultLit, BlendMode=BLEND_Opaque, SpecialEngine=0, TwoSided=0, TSNormal=1, Masked=0, Distorted=0, WritesEveryPixel=1, ModifiesMeshPosition=0, Usage={bUsedWithSkeletalMesh,bUsedWithMorphTargets}"
"/Game/QuadrapedCreatures/Centaur/Materials/M_Centaur_Body_4.M_Centaur_Body_4","49","26","0","26","26","Compiling M_Centaur_Body_4: Platform=PCD3D_SM6, Usage=LightingModel=MSM_DefaultLit, BlendMode=BLEND_Opaque, SpecialEngine=0, TwoSided=0, TSNormal=1, Masked=0, Distorted=0, WritesEveryPixel=1, ModifiesMeshPosition=0, Usage={bUsedWithSkeletalMesh}"
"/Game/QuadrapedCreatures/Centaur/Materials/M_Centaur_Body_3.M_Centaur_Body_3","49","26","0","26","26","Compiling M_Centaur_Body_3: Platform=PCD3D_SM6, Usage=LightingModel=MSM_DefaultLit, BlendMode=BLEND_Opaque, SpecialEngine=0, TwoSided=0, TSNormal=1, Masked=0, Distorted=0, WritesEveryPixel=1, ModifiesMeshPosition=0, Usage={bUsedWithSkeletalMesh}"
"/Game/QuadrapedCreatures/Centaur/Materials/M_Centaur_Body_2.M_Centaur_Body_2","49","26","0","26","26","Compiling M_Centaur_Body_2: Platform=PCD3D_SM6, Usage=LightingModel=MSM_DefaultLit, BlendMode=BLEND_Opaque, SpecialEngine=0, TwoSided=0, TSNormal=1, Masked=0, Distorted=0, WritesEveryPixel=1, ModifiesMeshPosition=0, Usage={bUsedWithSkeletalMesh}"
"/Game/QuadrapedCreatures/Centaur/Materials/M_Centaur_Body_1.M_Centaur_Body_1","49","26","0","26","26","Compiling M_Centaur_Body_1: Platform=PCD3D_SM6, Usage=LightingModel=MSM_DefaultLit, BlendMode=BLEND_Opaque, SpecialEngine=0, TwoSided=0, TSNormal=1, Masked=0, Distorted=0, WritesEveryPixel=1, ModifiesMeshPosition=0, Usage={bUsedWithSkeletalMesh,bUsedWithMorphTargets}"
"/Game/QuadrapedCreatures/Griffon/Materials/M_Griffon_Feathers.M_Griffon_Feathers","49","58","0","62","62","Compiling M_Griffon_Feathers: Platform=PCD3D_SM6, Usage=LightingModel=MSM_TwoSidedFoliage, BlendMode=BLEND_Masked, SpecialEngine=0, TwoSided=1, TSNormal=1, Masked=1, Distorted=0, WritesEveryPixel=0, ModifiesMeshPosition=0, Usage={bUsedWithSkeletalMesh}"
"/Game/QuadrapedCreatures/Griffon/Materials/M_Griffon.M_Griffon","49","26","0","26","26","Compiling M_Griffon: Platform=PCD3D_SM6, Usage=LightingModel=MSM_DefaultLit, BlendMode=BLEND_Opaque, SpecialEngine=0, TwoSided=0, TSNormal=1, Masked=0, Distorted=0, WritesEveryPixel=1, ModifiesMeshPosition=0, Usage={bUsedWithSkeletalMesh}"
"/Game/QuadrapedCreatures/Barghest/Materials/M_HAIR.M_HAIR","49","58","0","62","62","Compiling M_HAIR: Platform=PCD3D_SM6, Usage=LightingModel=MSM_DefaultLit, BlendMode=BLEND_Masked, SpecialEngine=0, TwoSided=0, TSNormal=1, Masked=1, Distorted=0, WritesEveryPixel=0, ModifiesMeshPosition=0, Usage={bUsedWithSkeletalMesh}"
"/Game/QuadrapedCreatures/Barghest/Materials/M_BARGHEST.M_BARGHEST","49","26","0","26","26","Compiling M_BARGHEST: Platform=PCD3D_SM6, Usage=LightingModel=MSM_DefaultLit, BlendMode=BLEND_Opaque, SpecialEngine=0, TwoSided=0, TSNormal=1, Masked=0, Distorted=0, WritesEveryPixel=1, ModifiesMeshPosition=0, Usage={bUsedWithSkeletalMesh}"
"/Game/Characters/Ortiz/Mesh/Ch43_Body.Ch43_Body","49","26","0","26","26","Compiling Ch43_Body: Platform=PCD3D_SM6, Usage=LightingModel=MSM_DefaultLit, BlendMode=BLEND_Opaque, SpecialEngine=0, TwoSided=0, TSNormal=1, Masked=0, Distorted=0, WritesEveryPixel=1, ModifiesMeshPosition=0, Usage={bUsedWithSkeletalMesh}"
"/Engine/EngineMaterials/PPM_DefaultCalibrationGrayscale.PPM_DefaultCalibrationGrayscale","49","5","0","5","5","Compiling PPM_DefaultCalibrationGrayscale: Platform=PCD3D_SM6, Usage=LightingModel=MSM_Unlit, BlendMode=BLEND_Opaque, SpecialEngine=0, TwoSided=0, TSNormal=1, Masked=0, Distorted=0, WritesEveryPixel=1, ModifiesMeshPosition=0, Usage={}"
"/Engine/EngineMaterials/PPM_DefaultCalibrationColor.PPM_DefaultCalibrationColor","49","5","0","5","5","Compiling PPM_DefaultCalibrationColor: Platform=PCD3D_SM6, Usage=LightingModel=MSM_Unlit, BlendMode=BLEND_Opaque, SpecialEngine=0, TwoSided=0, TSNormal=1, Masked=0, Distorted=0, WritesEveryPixel=1, ModifiesMeshPosition=0, Usage={}"
"/Game/MSPresets/M_MS_Imperfection_Material_VT/M_MS_Imperfection_Material_Var_VT.M_MS_Imperfection_Material_Var_VT","49","14","0","14","14","Compiling M_MS_Imperfection_Material_Var_VT: Platform=PCD3D_SM6, Usage=LightingModel=MSM_DefaultLit, BlendMode=BLEND_Opaque, SpecialEngine=0, TwoSided=0, TSNormal=1, Masked=0, Distorted=0, WritesEveryPixel=1, ModifiesMeshPosition=0, Usage={}"
"/Game/MSPresets/M_MS_Imperfection_Material_Var/M_MS_Imperfection_Material_Var.M_MS_Imperfection_Material_Var","49","14","0","14","14","Compiling M_MS_Imperfection_Material_Var: Platform=PCD3D_SM6, Usage=LightingModel=MSM_DefaultLit, BlendMode=BLEND_Opaque, SpecialEngine=0, TwoSided=0, TSNormal=1, Masked=0, Distorted=0, WritesEveryPixel=1, ModifiesMeshPosition=0, Usage={}"
"/Game/MSPresets/M_MS_Default_Material_VT/M_MS_Default_Material_VT.M_MS_Default_Material_VT","49","14","0","14","14","Compiling M_MS_Default_Material_VT: Platform=PCD3D_SM6, Usage=LightingModel=MSM_DefaultLit, BlendMode=BLEND_Opaque, SpecialEngine=0, TwoSided=0, TSNormal=1, Masked=0, Distorted=0, WritesEveryPixel=1, ModifiesMeshPosition=0, Usage={}, StaticSwitch'Use Adjusted Maps2-1'=True"
"/Game/MSPresets/M_MS_Default_Material/M_MS_Default_Material.M_MS_Default_Material","49","14","0","14","14","Compiling M_MS_Default_Material: Platform=PCD3D_SM6, Usage=LightingModel=MSM_DefaultLit, BlendMode=BLEND_Opaque, SpecialEngine=0, TwoSided=0, TSNormal=1, Masked=0, Distorted=0, WritesEveryPixel=1, ModifiesMeshPosition=0, Usage={}, StaticSwitch'Use Adjusted Maps2-1'=True"
"/Engine/EditorMaterials/PreviewShadowIndicatorMaterial.PreviewShadowIndicatorMaterial","49","61","0","61","61","Compiling PreviewShadowIndicatorMaterial: Platform=PCD3D_SM6, Usage=LightingModel=MSM_Unlit, BlendMode=BLEND_Opaque, SpecialEngine=0, TwoSided=0, TSNormal=1, Masked=0, Distorted=0, WritesEveryPixel=1, ModifiesMeshPosition=0, Usage={}"
"/Engine/EngineSky/M_Sky_Panning_Clouds2.M_Sky_Panning_Clouds2","49","4","0","4","4","Compiling M_Sky_Panning_Clouds2: Platform=PCD3D_SM6, Usage=LightingModel=MSM_Unlit, BlendMode=BLEND_Opaque, SpecialEngine=0, TwoSided=0, TSNormal=1, Masked=0, Distorted=0, WritesEveryPixel=1, ModifiesMeshPosition=0, Usage={bUsedWithStaticLighting}"
"/Engine/VREditor/SnapGrid/SnapGridMaterial.SnapGridMaterial","49","12","0","12","12","Compiling SnapGridMaterial: Platform=PCD3D_SM6, Usage=LightingModel=MSM_Unlit, BlendMode=BLEND_Translucent, SpecialEngine=0, TwoSided=1, TSNormal=1, Masked=0, Distorted=0, WritesEveryPixel=1, ModifiesMeshPosition=0, Usage={bUsedWithStaticLighting,bUsedWithSplineMeshes}"
"/Engine/EngineSky/VolumetricClouds/m_SimpleVolumetricCloud.m_SimpleVolumetricCloud","49","100","0","100","100","Compiling m_SimpleVolumetricCloud: Platform=PCD3D_SM6, Usage=LightingModel=MSM_DefaultLit, BlendMode=BLEND_Additive, SpecialEngine=0, TwoSided=0, TSNormal=1, Masked=0, Distorted=0, WritesEveryPixel=1, ModifiesMeshPosition=0, Usage={bUsedWithVolumetricCloud}"
"/Game/MSPresets/M_MS_Imperfection_Material_VT/M_MS_Imperfection_Material_VT.M_MS_Imperfection_Material_VT","49","14","0","14","14","Compiling M_MS_Imperfection_Material_VT: Platform=PCD3D_SM6, Usage=LightingModel=MSM_DefaultLit, BlendMode=BLEND_Opaque, SpecialEngine=0, TwoSided=0, TSNormal=1, Masked=0, Distorted=0, WritesEveryPixel=1, ModifiesMeshPosition=0, Usage={}, StaticSwitch'Use Mask Texture Channel?2-1'=False"
"/Game/MSPresets/M_MS_Imperfection_Material/M_MS_Imperfection_Material.M_MS_Imperfection_Material","49","14","0","14","14","Compiling M_MS_Imperfection_Material: Platform=PCD3D_SM6, Usage=LightingModel=MSM_DefaultLit, BlendMode=BLEND_Opaque, SpecialEngine=0, TwoSided=0, TSNormal=1, Masked=0, Distorted=0, WritesEveryPixel=1, ModifiesMeshPosition=0, Usage={}, StaticSwitch'Use Mask Texture Channel?2-1'=False"
"/Game/Characters/Mannequins/Materials/M_Mannequin.M_Mannequin","49","28","0","30","30","Compiling M_Mannequin: Platform=PCD3D_SM6, Usage=LightingModel=MSM_ClearCoat, BlendMode=BLEND_Opaque, SpecialEngine=0, TwoSided=0, TSNormal=1, Masked=0, Distorted=0, WritesEveryPixel=1, ModifiesMeshPosition=0, Usage={bUsedWithSkeletalMesh}, StaticSwitch'UseLogo2-1'=False"
"/Game/Characters/Mannequins/Materials/M_Mannequin.M_Mannequin","49","28","0","30","30","Compiling M_Mannequin: Platform=PCD3D_SM6, Usage=LightingModel=MSM_ClearCoat, BlendMode=BLEND_Opaque, SpecialEngine=0, TwoSided=0, TSNormal=1, Masked=0, Distorted=0, WritesEveryPixel=1, ModifiesMeshPosition=0, Usage={bUsedWithSkeletalMesh}, StaticSwitch'UseLogo2-1'=True"
"/Game/MSPresets/M_MS_Glass_Material/M_MS_Glass_Material.M_MS_Glass_Material","49","33","0","33","33","Compiling M_MS_Glass_Material: Platform=PCD3D_SM6, Usage=LightingModel=MSM_ThinTranslucent, BlendMode=BLEND_Translucent, SpecialEngine=0, TwoSided=0, TSNormal=1, Masked=0, Distorted=0, WritesEveryPixel=1, ModifiesMeshPosition=0, Usage={bUsedWithStaticLighting}, StaticSwitch'Use Emissive2-1'=False, StaticSwitch'Use Frame Blend?2-1'=False, StaticSwitch'Use Metallic Texture2-1'=False, StaticSwitch'Use Refraction2-1'=True, StaticSwitch'Use Texture for Transmittance Color2-1'=True, StaticSwitch'Use Window Imperfection Texture2-1'=False"
"/Game/LevelPrototyping/Materials/M_PrototypeGrid.M_PrototypeGrid","49","23","0","23","23","Compiling M_PrototypeGrid: Platform=PCD3D_SM6, Usage=LightingModel=MSM_DefaultLit, BlendMode=BLEND_Opaque, SpecialEngine=0, TwoSided=0, TSNormal=1, Masked=0, Distorted=0, WritesEveryPixel=1, ModifiesMeshPosition=0, Usage={bUsedWithStaticLighting}, StaticSwitch'ObjectAligned2-1'=False, StaticSwitch'TopSurfaceColor2-1'=False"
"/Game/LevelPrototyping/Materials/M_PrototypeGrid.M_PrototypeGrid","49","23","0","23","23","Compiling M_PrototypeGrid: Platform=PCD3D_SM6, Usage=LightingModel=MSM_DefaultLit, BlendMode=BLEND_Opaque, SpecialEngine=0, TwoSided=0, TSNormal=1, Masked=0, Distorted=0, WritesEveryPixel=1, ModifiesMeshPosition=0, Usage={bUsedWithStaticLighting}, StaticSwitch'ObjectAligned2-1'=True, StaticSwitch'TopSurfaceColor2-1'=True"
"/Game/LevelPrototyping/Materials/M_PrototypeGrid.M_PrototypeGrid","49","23","0","23","23","Compiling M_PrototypeGrid: Platform=PCD3D_SM6, Usage=LightingModel=MSM_DefaultLit, BlendMode=BLEND_Opaque, SpecialEngine=0, TwoSided=0, TSNormal=1, Masked=0, Distorted=0, WritesEveryPixel=1, ModifiesMeshPosition=0, Usage={bUsedWithStaticLighting}, StaticSwitch'ObjectAligned2-1'=True, StaticSwitch'TopSurfaceColor2-1'=False"
"/Game/MSPresets/M_MS_SurfaceBlend_Material/M_MS_SurfaceBlend_Material.M_MS_SurfaceBlend_Material","49","14","0","14","14","Compiling M_MS_SurfaceBlend_Material: Platform=PCD3D_SM6, Usage=LightingModel=MSM_DefaultLit, BlendMode=BLEND_Opaque, SpecialEngine=0, TwoSided=0, TSNormal=1, Masked=0, Distorted=0, WritesEveryPixel=1, ModifiesMeshPosition=0, Usage={}, StaticSwitch'Base Layer Specular from Albedo2-1'=False, StaticSwitch'Middle Layer  Specular from Albedo2-1'=False, StaticSwitch'Top Layer Specular from Albedo2-1'=False, StaticSwitch'Use Base Layer Adjustments2-1'=False, StaticSwitch'Use Middle Layer Adjustments2-1'=False, StaticSwitch'Use Puddle Layer2-1'=False, StaticSwitch'Use Scatter Layer2-1'=False, StaticSwitch'Use Top Layer Adjustments2-1'=False"
"/Game/Characters/Mannequin_UE4/Materials/M_MannequinUE4_Body.M_MannequinUE4_Body","49","58","0","62","62","Compiling M_MannequinUE4_Body: Platform=PCD3D_SM6, Usage=LightingModel=MSM_DefaultLit, BlendMode=BLEND_Masked, SpecialEngine=0, TwoSided=0, TSNormal=1, Masked=1, Distorted=0, WritesEveryPixel=0, ModifiesMeshPosition=0, Usage={bUsedWithSkeletalMesh}, StaticSwitch'PlasticOverride2-1'=True"
"/Game/Characters/Mannequin_UE4/Materials/M_MannequinUE4_Body.M_MannequinUE4_Body","49","58","0","62","62","Compiling M_MannequinUE4_Body: Platform=PCD3D_SM6, Usage=LightingModel=MSM_DefaultLit, BlendMode=BLEND_Masked, SpecialEngine=0, TwoSided=0, TSNormal=1, Masked=1, Distorted=0, WritesEveryPixel=0, ModifiesMeshPosition=0, Usage={bUsedWithSkeletalMesh}, StaticSwitch'PlasticOverride2-1'=False"
"/Game/MSPresets/M_MS_ImperfectionDecal_Material_VT/M_MS_ImperfectionDecal_Material_VT.M_MS_ImperfectionDecal_Material_VT","49","21","21","21","63","Compiling M_MS_ImperfectionDecal_Material_VT: Platform=PCD3D_SM6, Usage=LightingModel=MSM_DefaultLit, BlendMode=BLEND_Translucent, SpecialEngine=0, TwoSided=0, TSNormal=1, Masked=0, Distorted=0, WritesEveryPixel=1, ModifiesMeshPosition=0, Usage={}, StaticSwitch'UsePOM2-1'=False"
"/Game/MSPresets/M_MS_ImperfectionDecal_Material/M_MS_ImperfectionDecal_Material.M_MS_ImperfectionDecal_Material","49","21","21","21","63","Compiling M_MS_ImperfectionDecal_Material: Platform=PCD3D_SM6, Usage=LightingModel=MSM_DefaultLit, BlendMode=BLEND_Translucent, SpecialEngine=0, TwoSided=0, TSNormal=1, Masked=0, Distorted=0, WritesEveryPixel=1, ModifiesMeshPosition=0, Usage={}, StaticSwitch'UsePOM2-1'=False"
"/Game/MSPresets/M_MS_Decal_Material_VT/M_MS_Decal_Material_VT.M_MS_Decal_Material_VT","49","21","21","21","63","Compiling M_MS_Decal_Material_VT: Platform=PCD3D_SM6, Usage=LightingModel=MSM_DefaultLit, BlendMode=BLEND_Translucent, SpecialEngine=0, TwoSided=0, TSNormal=1, Masked=0, Distorted=0, WritesEveryPixel=1, ModifiesMeshPosition=0, Usage={}, StaticSwitch'Metallic Map2-1'=False, StaticSwitch'UsePOM2-1'=False"
"/Game/MSPresets/M_MS_Decal_Material/M_MS_Decal_Material.M_MS_Decal_Material","49","21","21","21","63","Compiling M_MS_Decal_Material: Platform=PCD3D_SM6, Usage=LightingModel=MSM_DefaultLit, BlendMode=BLEND_Translucent, SpecialEngine=0, TwoSided=0, TSNormal=1, Masked=0, Distorted=0, WritesEveryPixel=1, ModifiesMeshPosition=0, Usage={}, StaticSwitch'Metallic Map2-1'=False, StaticSwitch'UsePOM2-1'=False"
"/Interchange/gltf/M_Unlit.M_Unlit","49","20","0","20","20","Compiling M_Unlit: Platform=PCD3D_SM6, Usage=LightingModel=MSM_Unlit, BlendMode=BLEND_Translucent, SpecialEngine=0, TwoSided=1, TSNormal=1, Masked=0, Distorted=0, WritesEveryPixel=1, ModifiesMeshPosition=0, Usage={bUsedWithSkeletalMesh}"
"/Interchange/gltf/M_Unlit.M_Unlit","49","36","0","40","40","Compiling M_Unlit: Platform=PCD3D_SM6, Usage=LightingModel=MSM_Unlit, BlendMode=BLEND_Masked, SpecialEngine=0, TwoSided=1, TSNormal=1, Masked=1, Distorted=0, WritesEveryPixel=0, ModifiesMeshPosition=0, Usage={bUsedWithSkeletalMesh}"
"/Interchange/gltf/M_Unlit.M_Unlit","49","12","0","14","14","Compiling M_Unlit: Platform=PCD3D_SM6, Usage=LightingModel=MSM_Unlit, BlendMode=BLEND_Opaque, SpecialEngine=0, TwoSided=1, TSNormal=1, Masked=0, Distorted=0, WritesEveryPixel=1, ModifiesMeshPosition=0, Usage={bUsedWithSkeletalMesh}"
"/Interchange/gltf/M_Unlit.M_Unlit","49","16","0","16","16","Compiling M_Unlit: Platform=PCD3D_SM6, Usage=LightingModel=MSM_Unlit, BlendMode=BLEND_Translucent, SpecialEngine=0, TwoSided=0, TSNormal=1, Masked=0, Distorted=0, WritesEveryPixel=1, ModifiesMeshPosition=0, Usage={bUsedWithSkeletalMesh}"
"/Interchange/gltf/M_Unlit.M_Unlit","49","36","0","40","40","Compiling M_Unlit: Platform=PCD3D_SM6, Usage=LightingModel=MSM_Unlit, BlendMode=BLEND_Masked, SpecialEngine=0, TwoSided=0, TSNormal=1, Masked=1, Distorted=0, WritesEveryPixel=0, ModifiesMeshPosition=0, Usage={bUsedWithSkeletalMesh}"
"/Interchange/gltf/M_Unlit.M_Unlit","49","6","0","6","6","Compiling M_Unlit: Platform=PCD3D_SM6, Usage=LightingModel=MSM_Unlit, BlendMode=BLEND_Opaque, SpecialEngine=0, TwoSided=0, TSNormal=1, Masked=0, Distorted=0, WritesEveryPixel=1, ModifiesMeshPosition=0, Usage={bUsedWithSkeletalMesh}"
"/SpeedTreeImporter/SpeedTree9/SpeedTreeBillboardMaster.SpeedTreeBillboardMaster","49","62","0","66","66","Compiling SpeedTreeBillboardMaster: Platform=PCD3D_SM6, Usage=LightingModel=MSM_TwoSidedFoliage, BlendMode=BLEND_Masked, SpecialEngine=0, TwoSided=0, TSNormal=1, Masked=1, Distorted=0, WritesEveryPixel=0, ModifiesMeshPosition=1, Usage={bUsedWithInstancedStaticMeshes}, StaticSwitch'SharedEnable2-1'=True"
"/SpeedTreeImporter/SpeedTree9/SpeedTreeMaster.SpeedTreeMaster","49","88","0","92","92","Compiling SpeedTreeMaster: Platform=PCD3D_SM6, Usage=LightingModel=MSM_TwoSidedFoliage, BlendMode=BLEND_Masked, SpecialEngine=0, TwoSided=1, TSNormal=1, Masked=1, Distorted=0, WritesEveryPixel=0, ModifiesMeshPosition=1, Usage={bUsedWithStaticLighting,bUsedWithInstancedStaticMeshes}, StaticSwitch'Branch1Enable2-1'=True, StaticSwitch'Branch2Enable2-1'=False, StaticSwitch'FlipBacksideNormals2-1'=True, StaticSwitch'HandleCameraFacing2-1'=False, StaticSwitch'HasBranch2Data_Internal2-1'=False, StaticSwitch'RippleEnable2-1'=True, StaticSwitch'RippleShimmerEnable2-1'=False, StaticSwitch'SharedEnable2-1'=True"
"/Game/MSPresets/M_MS_Foliage_Material/M_MS_Foliage_Material.M_MS_Foliage_Material","49","31","0","33","33","Compiling M_MS_Foliage_Material: Platform=PCD3D_SM6, Usage=LightingModel=MSM_TwoSidedFoliage, BlendMode=BLEND_Masked, SpecialEngine=0, TwoSided=1, TSNormal=1, Masked=1, Distorted=0, WritesEveryPixel=0, ModifiesMeshPosition=1, Usage={}, StaticSwitch'EnableGrassWind2-1'=False"
"/Game/MSPresets/M_MS_Billboard_Material/M_MS_Billboard_Material.M_MS_Billboard_Material","49","62","0","66","66","Compiling M_MS_Billboard_Material: Platform=PCD3D_SM6, Usage=LightingModel=MSM_TwoSidedFoliage, BlendMode=BLEND_Masked, SpecialEngine=0, TwoSided=1, TSNormal=0, Masked=1, Distorted=0, WritesEveryPixel=0, ModifiesMeshPosition=1, Usage={bUsedWithInstancedStaticMeshes}, StaticSwitch'Camera Facing Billboard2-1'=True, StaticSwitch'EnableGrassWind2-1'=False"
"/Game/MSPresets/M_MS_Surface_Material_VT/M_MS_Surface_Material_VT.M_MS_Surface_Material_VT","49","14","40","40","68","Compiling M_MS_Surface_Material_VT: Platform=PCD3D_SM6, Usage=LightingModel=MSM_DefaultLit, BlendMode=BLEND_Opaque, SpecialEngine=0, TwoSided=0, TSNormal=1, Masked=0, Distorted=0, WritesEveryPixel=1, ModifiesMeshPosition=0, Usage={}, StaticSwitch'Enable SSS Parameters2-1'=True, StaticSwitch'Use Adjusted Maps2-1'=True"
"/Game/MSPresets/M_MS_Surface_Material/M_MS_Surface_Material.M_MS_Surface_Material","49","14","0","14","14","Compiling M_MS_Surface_Material: Platform=PCD3D_SM6, Usage=LightingModel=MSM_DefaultLit, BlendMode=BLEND_Opaque, SpecialEngine=0, TwoSided=0, TSNormal=1, Masked=0, Distorted=0, WritesEveryPixel=1, ModifiesMeshPosition=0, Usage={}, StaticSwitch'Enable SSS Parameters2-1'=True, StaticSwitch'Use Adjusted Maps2-1'=True"
"/Game/MSPresets/M_MS_Default_Fuzz_Material_VT/M_MS_Default_Fuzz_Material_VT.M_MS_Default_Fuzz_Material_VT","49","14","0","14","14","Compiling M_MS_Default_Fuzz_Material_VT: Platform=PCD3D_SM6, Usage=LightingModel=MSM_Cloth, BlendMode=BLEND_Opaque, SpecialEngine=0, TwoSided=0, TSNormal=1, Masked=0, Distorted=0, WritesEveryPixel=1, ModifiesMeshPosition=0, Usage={}, StaticSwitch'Enable SSS Parameters2-1'=True, StaticSwitch'Use Adjusted Maps2-1'=True"
"/Game/MSPresets/M_MS_Default_Fuzz_Material/M_MS_Default_Fuzz_Material.M_MS_Default_Fuzz_Material","49","14","0","14","14","Compiling M_MS_Default_Fuzz_Material: Platform=PCD3D_SM6, Usage=LightingModel=MSM_Cloth, BlendMode=BLEND_Opaque, SpecialEngine=0, TwoSided=0, TSNormal=1, Masked=0, Distorted=0, WritesEveryPixel=1, ModifiesMeshPosition=0, Usage={}, StaticSwitch'Enable SSS Parameters2-1'=True, StaticSwitch'Use Adjusted Maps2-1'=True"
"/Game/MSPresets/M_MS_Default_Transmission_Material_VT/M_MS_Default_Transmission_Material_VT.M_MS_Default_Transmission_Material_VT","49","14","0","14","14","Compiling M_MS_Default_Transmission_Material_VT: Platform=PCD3D_SM6, Usage=LightingModel=MSM_Subsurface, BlendMode=BLEND_Opaque, SpecialEngine=0, TwoSided=0, TSNormal=1, Masked=0, Distorted=0, WritesEveryPixel=1, ModifiesMeshPosition=0, Usage={}, StaticSwitch'Enable SSS Parameters2-1'=True, StaticSwitch'Use Adjusted Maps2-1'=True"
"/Game/MSPresets/M_MS_Default_Transmission_Material/M_MS_Default_Transmission_Material.M_MS_Default_Transmission_Material","49","14","0","14","14","Compiling M_MS_Default_Transmission_Material: Platform=PCD3D_SM6, Usage=LightingModel=MSM_Subsurface, BlendMode=BLEND_Opaque, SpecialEngine=0, TwoSided=0, TSNormal=1, Masked=0, Distorted=0, WritesEveryPixel=1, ModifiesMeshPosition=0, Usage={}, StaticSwitch'Enable SSS Parameters2-1'=True, StaticSwitch'Use Adjusted Maps2-1'=True"
"/Bridge/MSPresets/M_MS_Glass_Material/M_MS_Glass_Material.M_MS_Glass_Material","49","33","0","33","33","Compiling M_MS_Glass_Material: Platform=PCD3D_SM6, Usage=LightingModel=MSM_ThinTranslucent, BlendMode=BLEND_Translucent, SpecialEngine=0, TwoSided=0, TSNormal=1, Masked=0, Distorted=0, WritesEveryPixel=1, ModifiesMeshPosition=0, Usage={bUsedWithStaticLighting}, StaticSwitch'Use Emissive2-1'=False, StaticSwitch'Use Frame Blend?2-1'=True, StaticSwitch'Use Metallic Texture2-1'=False, StaticSwitch'Use Refraction2-1'=True, StaticSwitch'Use Texture for Transmittance Color2-1'=True, StaticSwitch'Use Window Imperfection Texture2-1'=False"
"/Interchange/gltf/M_Transmission.M_Transmission","49","46","0","46","46","Compiling M_Transmission: Platform=PCD3D_SM6, Usage=LightingModel=MSM_ThinTranslucent, BlendMode=BLEND_Translucent, SpecialEngine=0, TwoSided=0, TSNormal=1, Masked=0, Distorted=0, WritesEveryPixel=1, ModifiesMeshPosition=0, Usage={bUsedWithSkeletalMesh}"
"/Interchange/gltf/M_Transmission.M_Transmission","49","50","0","50","50","Compiling M_Transmission: Platform=PCD3D_SM6, Usage=LightingModel=MSM_ThinTranslucent, BlendMode=BLEND_Translucent, SpecialEngine=0, TwoSided=1, TSNormal=1, Masked=0, Distorted=0, WritesEveryPixel=1, ModifiesMeshPosition=0, Usage={bUsedWithSkeletalMesh}"
"/Interchange/gltf/M_SpecularGlossiness.M_SpecularGlossiness","49","26","0","26","26","Compiling M_SpecularGlossiness: Platform=PCD3D_SM6, Usage=LightingModel=MSM_DefaultLit, BlendMode=BLEND_Opaque, SpecialEngine=0, TwoSided=0, TSNormal=1, Masked=0, Distorted=0, WritesEveryPixel=1, ModifiesMeshPosition=0, Usage={bUsedWithSkeletalMesh}"
"/Interchange/gltf/M_SpecularGlossiness.M_SpecularGlossiness","49","50","0","50","50","Compiling M_SpecularGlossiness: Platform=PCD3D_SM6, Usage=LightingModel=MSM_DefaultLit, BlendMode=BLEND_Translucent, SpecialEngine=0, TwoSided=1, TSNormal=1, Masked=0, Distorted=0, WritesEveryPixel=1, ModifiesMeshPosition=0, Usage={bUsedWithSkeletalMesh}"
"/Interchange/gltf/M_SpecularGlossiness.M_SpecularGlossiness","49","58","0","62","62","Compiling M_SpecularGlossiness: Platform=PCD3D_SM6, Usage=LightingModel=MSM_DefaultLit, BlendMode=BLEND_Masked, SpecialEngine=0, TwoSided=1, TSNormal=1, Masked=1, Distorted=0, WritesEveryPixel=0, ModifiesMeshPosition=0, Usage={bUsedWithSkeletalMesh}"
"/Interchange/gltf/M_SpecularGlossiness.M_SpecularGlossiness","49","32","0","34","34","Compiling M_SpecularGlossiness: Platform=PCD3D_SM6, Usage=LightingModel=MSM_DefaultLit, BlendMode=BLEND_Opaque, SpecialEngine=0, TwoSided=1, TSNormal=1, Masked=0, Distorted=0, WritesEveryPixel=1, ModifiesMeshPosition=0, Usage={bUsedWithSkeletalMesh}"
"/Interchange/gltf/M_SpecularGlossiness.M_SpecularGlossiness","49","46","0","46","46","Compiling M_SpecularGlossiness: Platform=PCD3D_SM6, Usage=LightingModel=MSM_DefaultLit, BlendMode=BLEND_Translucent, SpecialEngine=0, TwoSided=0, TSNormal=1, Masked=0, Distorted=0, WritesEveryPixel=1, ModifiesMeshPosition=0, Usage={bUsedWithSkeletalMesh}"
"/Interchange/gltf/M_SpecularGlossiness.M_SpecularGlossiness","49","58","0","62","62","Compiling M_SpecularGlossiness: Platform=PCD3D_SM6, Usage=LightingModel=MSM_DefaultLit, BlendMode=BLEND_Masked, SpecialEngine=0, TwoSided=0, TSNormal=1, Masked=1, Distorted=0, WritesEveryPixel=0, ModifiesMeshPosition=0, Usage={bUsedWithSkeletalMesh}"
"/Interchange/gltf/M_ClearCoat.M_ClearCoat","49","32","0","34","34","Compiling M_ClearCoat: Platform=PCD3D_SM6, Usage=LightingModel=MSM_ClearCoat, BlendMode=BLEND_Opaque, SpecialEngine=0, TwoSided=1, TSNormal=1, Masked=0, Distorted=0, WritesEveryPixel=1, ModifiesMeshPosition=0, Usage={bUsedWithSkeletalMesh}"
"/Interchange/gltf/M_ClearCoat.M_ClearCoat","49","46","0","46","46","Compiling M_ClearCoat: Platform=PCD3D_SM6, Usage=LightingModel=MSM_ClearCoat, BlendMode=BLEND_Translucent, SpecialEngine=0, TwoSided=0, TSNormal=1, Masked=0, Distorted=0, WritesEveryPixel=1, ModifiesMeshPosition=0, Usage={bUsedWithSkeletalMesh}"
"/Interchange/gltf/M_ClearCoat.M_ClearCoat","49","58","0","62","62","Compiling M_ClearCoat: Platform=PCD3D_SM6, Usage=LightingModel=MSM_ClearCoat, BlendMode=BLEND_Masked, SpecialEngine=0, TwoSided=0, TSNormal=1, Masked=1, Distorted=0, WritesEveryPixel=0, ModifiesMeshPosition=0, Usage={bUsedWithSkeletalMesh}"
"/Interchange/gltf/M_ClearCoat.M_ClearCoat","49","50","0","50","50","Compiling M_ClearCoat: Platform=PCD3D_SM6, Usage=LightingModel=MSM_ClearCoat, BlendMode=BLEND_Translucent, SpecialEngine=0, TwoSided=1, TSNormal=1, Masked=0, Distorted=0, WritesEveryPixel=1, ModifiesMeshPosition=0, Usage={bUsedWithSkeletalMesh}"
"/Interchange/gltf/M_ClearCoat.M_ClearCoat","49","58","0","62","62","Compiling M_ClearCoat: Platform=PCD3D_SM6, Usage=LightingModel=MSM_ClearCoat, BlendMode=BLEND_Masked, SpecialEngine=0, TwoSided=1, TSNormal=1, Masked=1, Distorted=0, WritesEveryPixel=0, ModifiesMeshPosition=0, Usage={bUsedWithSkeletalMesh}"
"/Interchange/gltf/M_ClearCoat.M_ClearCoat","49","26","0","26","26","Compiling M_ClearCoat: Platform=PCD3D_SM6, Usage=LightingModel=MSM_ClearCoat, BlendMode=BLEND_Opaque, SpecialEngine=0, TwoSided=0, TSNormal=1, Masked=0, Distorted=0, WritesEveryPixel=1, ModifiesMeshPosition=0, Usage={bUsedWithSkeletalMesh}"
"/Interchange/gltf/M_Sheen.M_Sheen","49","50","0","50","50","Compiling M_Sheen: Platform=PCD3D_SM6, Usage=LightingModel=MSM_Cloth, BlendMode=BLEND_Translucent, SpecialEngine=0, TwoSided=1, TSNormal=1, Masked=0, Distorted=0, WritesEveryPixel=1, ModifiesMeshPosition=0, Usage={bUsedWithSkeletalMesh}"
"/Interchange/gltf/M_Sheen.M_Sheen","49","58","0","62","62","Compiling M_Sheen: Platform=PCD3D_SM6, Usage=LightingModel=MSM_Cloth, BlendMode=BLEND_Masked, SpecialEngine=0, TwoSided=1, TSNormal=1, Masked=1, Distorted=0, WritesEveryPixel=0, ModifiesMeshPosition=0, Usage={bUsedWithSkeletalMesh}"
"/Interchange/gltf/M_Sheen.M_Sheen","49","32","0","34","34","Compiling M_Sheen: Platform=PCD3D_SM6, Usage=LightingModel=MSM_Cloth, BlendMode=BLEND_Opaque, SpecialEngine=0, TwoSided=1, TSNormal=1, Masked=0, Distorted=0, WritesEveryPixel=1, ModifiesMeshPosition=0, Usage={bUsedWithSkeletalMesh}"
"/Interchange/gltf/M_Sheen.M_Sheen","49","46","0","46","46","Compiling M_Sheen: Platform=PCD3D_SM6, Usage=LightingModel=MSM_Cloth, BlendMode=BLEND_Translucent, SpecialEngine=0, TwoSided=0, TSNormal=1, Masked=0, Distorted=0, WritesEveryPixel=1, ModifiesMeshPosition=0, Usage={bUsedWithSkeletalMesh}"
"/Interchange/gltf/M_Sheen.M_Sheen","49","58","0","62","62","Compiling M_Sheen: Platform=PCD3D_SM6, Usage=LightingModel=MSM_Cloth, BlendMode=BLEND_Masked, SpecialEngine=0, TwoSided=0, TSNormal=1, Masked=1, Distorted=0, WritesEveryPixel=0, ModifiesMeshPosition=0, Usage={bUsedWithSkeletalMesh}"
"/Interchange/gltf/M_Sheen.M_Sheen","49","26","0","26","26","Compiling M_Sheen: Platform=PCD3D_SM6, Usage=LightingModel=MSM_Cloth, BlendMode=BLEND_Opaque, SpecialEngine=0, TwoSided=0, TSNormal=1, Masked=0, Distorted=0, WritesEveryPixel=1, ModifiesMeshPosition=0, Usage={bUsedWithSkeletalMesh}"
"/Interchange/gltf/M_Default.M_Default","49","26","0","26","26","Compiling M_Default: Platform=PCD3D_SM6, Usage=LightingModel=MSM_DefaultLit, BlendMode=BLEND_Opaque, SpecialEngine=0, TwoSided=0, TSNormal=1, Masked=0, Distorted=0, WritesEveryPixel=1, ModifiesMeshPosition=0, Usage={bUsedWithSkeletalMesh}"
"/Interchange/gltf/M_Default.M_Default","49","50","0","50","50","Compiling M_Default: Platform=PCD3D_SM6, Usage=LightingModel=MSM_DefaultLit, BlendMode=BLEND_Translucent, SpecialEngine=0, TwoSided=1, TSNormal=1, Masked=0, Distorted=0, WritesEveryPixel=1, ModifiesMeshPosition=0, Usage={bUsedWithSkeletalMesh}"
"/Interchange/gltf/M_Default.M_Default","49","58","0","62","62","Compiling M_Default: Platform=PCD3D_SM6, Usage=LightingModel=MSM_DefaultLit, BlendMode=BLEND_Masked, SpecialEngine=0, TwoSided=1, TSNormal=1, Masked=1, Distorted=0, WritesEveryPixel=0, ModifiesMeshPosition=0, Usage={bUsedWithSkeletalMesh}"
"/Interchange/gltf/M_Default.M_Default","49","32","0","34","34","Compiling M_Default: Platform=PCD3D_SM6, Usage=LightingModel=MSM_DefaultLit, BlendMode=BLEND_Opaque, SpecialEngine=0, TwoSided=1, TSNormal=1, Masked=0, Distorted=0, WritesEveryPixel=1, ModifiesMeshPosition=0, Usage={bUsedWithSkeletalMesh}"
"/Interchange/gltf/M_Default.M_Default","49","46","0","46","46","Compiling M_Default: Platform=PCD3D_SM6, Usage=LightingModel=MSM_DefaultLit, BlendMode=BLEND_Translucent, SpecialEngine=0, TwoSided=0, TSNormal=1, Masked=0, Distorted=0, WritesEveryPixel=1, ModifiesMeshPosition=0, Usage={bUsedWithSkeletalMesh}"
"/Interchange/gltf/M_Default.M_Default","49","58","0","62","62","Compiling M_Default: Platform=PCD3D_SM6, Usage=LightingModel=MSM_DefaultLit, BlendMode=BLEND_Masked, SpecialEngine=0, TwoSided=0, TSNormal=1, Masked=1, Distorted=0, WritesEveryPixel=0, ModifiesMeshPosition=0, Usage={bUsedWithSkeletalMesh}"
"/Engine/EngineSky/M_SimpleSkyDome.M_SimpleSkyDome","49","4","0","4","4","Compiling M_SimpleSkyDome: Platform=PCD3D_SM6, Usage=LightingModel=MSM_Unlit, BlendMode=BLEND_Opaque, SpecialEngine=0, TwoSided=0, TSNormal=1, Masked=0, Distorted=0, WritesEveryPixel=1, ModifiesMeshPosition=0, Usage={}"
